-- phpMyAdmin SQL Dump
-- version 4.5.1
-- http://www.phpmyadmin.net
--
-- Host: 127.0.0.1
-- Generation Time: Nov 05, 2016 at 08:36 AM
-- Server version: 10.1.16-MariaDB
-- PHP Version: 5.6.24

SET SQL_MODE = "NO_AUTO_VALUE_ON_ZERO";
SET time_zone = "+00:00";


/*!40101 SET @OLD_CHARACTER_SET_CLIENT=@@CHARACTER_SET_CLIENT */;
/*!40101 SET @OLD_CHARACTER_SET_RESULTS=@@CHARACTER_SET_RESULTS */;
/*!40101 SET @OLD_COLLATION_CONNECTION=@@COLLATION_CONNECTION */;
/*!40101 SET NAMES utf8mb4 */;

--
-- Database: `dbresort`
--

-- --------------------------------------------------------

--
-- Table structure for table `payments`
--

CREATE TABLE `payments` (
  `payment_id` int(11) NOT NULL,
  `item_number` varchar(255) COLLATE utf8_unicode_ci NOT NULL,
  `txn_id` varchar(255) COLLATE utf8_unicode_ci NOT NULL,
  `payment_gross` float(10,2) NOT NULL,
  `currency_code` varchar(5) COLLATE utf8_unicode_ci NOT NULL,
  `payment_status` varchar(255) COLLATE utf8_unicode_ci NOT NULL,
  `email` varchar(50) COLLATE utf8_unicode_ci NOT NULL,
  `item_name` varchar(100) COLLATE utf8_unicode_ci NOT NULL,
  `trxnid` int(11) NOT NULL
) ENGINE=InnoDB DEFAULT CHARSET=utf8 COLLATE=utf8_unicode_ci;

--
-- Dumping data for table `payments`
--

INSERT INTO `payments` (`payment_id`, `item_number`, `txn_id`, `payment_gross`, `currency_code`, `payment_status`, `email`, `item_name`, `trxnid`) VALUES
(41, '160', '2253120951773325D', 1000.00, 'USD', 'Completed', '', '', 0),
(42, '181', '28M94722LN122161W', 1000.00, 'USD', 'Completed', '', '', 0),
(43, '182', '06X21063LK517510P', 1000.00, 'USD', 'Completed', '', '', 0),
(44, '183', '6Y64479359041094G', 1000.00, 'USD', 'Completed', '', '', 0),
(45, '216', '03909441GW208242D', 1300.00, 'USD', 'Completed', '', '', 0),
(46, '222', '1TF890064D926305Y', 1100.00, 'USD', 'Completed', '', '', 0),
(47, '222', '5H8207607Y259570V', 1100.00, 'USD', 'Completed', '', '', 0);

-- --------------------------------------------------------

--
-- Table structure for table `products`
--

CREATE TABLE `products` (
  `id` int(11) NOT NULL,
  `name` varchar(255) COLLATE utf8_unicode_ci NOT NULL,
  `image` varchar(255) COLLATE utf8_unicode_ci NOT NULL,
  `price` float(10,2) NOT NULL,
  `status` tinyint(1) NOT NULL DEFAULT '1'
) ENGINE=InnoDB DEFAULT CHARSET=utf8 COLLATE=utf8_unicode_ci;

--
-- Dumping data for table `products`
--

INSERT INTO `products` (`id`, `name`, `image`, `price`, `status`) VALUES
(1, 'sample', '1.png', 200.00, 1);

-- --------------------------------------------------------

--
-- Table structure for table `reports`
--

CREATE TABLE `reports` (
  `username` varchar(100) NOT NULL,
  `fldcreated` date NOT NULL,
  `RegNo` varchar(100) NOT NULL,
  `fldarrival` date NOT NULL,
  `flddeparture` date NOT NULL,
  `fldnightstay` varchar(100) NOT NULL,
  `fldadult` varchar(100) NOT NULL,
  `fldchild` varchar(100) NOT NULL,
  `fldroom` varchar(100) NOT NULL,
  `fldcottagesnum` varchar(100) NOT NULL,
  `fldhutnum` varchar(100) NOT NULL,
  `fldroomtype` varchar(100) NOT NULL,
  `fldnumofroom` varchar(100) NOT NULL,
  `fldroomnum` varchar(100) NOT NULL,
  `fldavailability` varchar(100) NOT NULL,
  `fldstaytype` varchar(100) NOT NULL,
  `fldtotal` varchar(100) NOT NULL,
  `fldpaytype` varchar(100) NOT NULL,
  `fldfname` varchar(100) NOT NULL,
  `fldlname` varchar(100) NOT NULL,
  `fldcontact` varchar(100) NOT NULL,
  `fldpayment` varchar(100) NOT NULL,
  `fldpaymenttype` varchar(100) NOT NULL,
  `fldterm` varchar(100) NOT NULL,
  `flddownpayment` varchar(100) NOT NULL,
  `fldbalance` varchar(100) NOT NULL,
  `fldchange` varchar(100) NOT NULL,
  `status` varchar(100) NOT NULL,
  `flddate` date NOT NULL,
  `transaction_id` varchar(100) NOT NULL
) ENGINE=InnoDB DEFAULT CHARSET=latin1;

-- --------------------------------------------------------

--
-- Table structure for table `resort_rooms`
--

CREATE TABLE `resort_rooms` (
  `fldroomname` text NOT NULL,
  `fldtype` text NOT NULL,
  `flddesc` text NOT NULL,
  `fldday` varchar(100) NOT NULL,
  `fldnight` varchar(100) NOT NULL,
  `fldmaxpax` varchar(100) NOT NULL,
  `fldavailable` varchar(100) NOT NULL,
  `fldpic` varchar(100) NOT NULL
) ENGINE=InnoDB DEFAULT CHARSET=latin1;

--
-- Dumping data for table `resort_rooms`
--

INSERT INTO `resort_rooms` (`fldroomname`, `fldtype`, `flddesc`, `fldday`, `fldnight`, `fldmaxpax`, `fldavailable`, `fldpic`) VALUES
('', 'Cabanas', 'TRY LANG HEHEHE', '34', '43', '43', '43', '12570832_10201441994328426_1681724722_n.jpg'),
('', 'Cabanas', 'TRY LANG HEHEHE', '1550', '2150', '4', '5', '12570832_10201441994328426_1681724722_n.jpg'),
('', 'Cabanas', 'TRY LANG HEHEHE', '2050', '2650', '4', '3', '12570832_10201441994328426_1681724722_n.jpg'),
('', 'Cabanas', 'TRY LANG HEHEHE', '3550', '5150', '10', '6', '12570832_10201441994328426_1681724722_n.jpg'),
('', 'Cabanas', 'TRY LANG HEHEHE', '1500', '2500', '12', '6', '12570832_10201441994328426_1681724722_n.jpg'),
('', 'Cabanas', 'TRY LANG HEHEHE', 'sdsd', 'sds', 'sdsd', '3', '12570832_10201441994328426_1681724722_n.jpg'),
('sdsdd', 'Cabanas', '546ujhgs', 'w455453', '54353', '34535', '345435', '34dfd8f4-2366-4b84-8108-c989de8f250f.jpg'),
('casa', 'Mushroom', 'ufidjf', '2323', '3242', '20', '0', 'uploadedpicturemushroom4.png');

-- --------------------------------------------------------

--
-- Table structure for table `room`
--

CREATE TABLE `room` (
  `fldroomname` varchar(100) NOT NULL,
  `fldequipmentcode` text NOT NULL,
  `fldequipname` text NOT NULL,
  `fldequipquantity` text NOT NULL,
  `fldstatuss` text NOT NULL,
  `fldroomnumber` varchar(100) NOT NULL
) ENGINE=InnoDB DEFAULT CHARSET=latin1;

--
-- Dumping data for table `room`
--

INSERT INTO `room` (`fldroomname`, `fldequipmentcode`, `fldequipname`, `fldequipquantity`, `fldstatuss`, `fldroomnumber`) VALUES
('Casa Leona', 'R109230092', 'Air-Con', '1', 'Damage', ''),
('Casa Leona Deluxe', 'R109230093', 'Electric fan', '1', 'Good', '3'),
('Casa Leona Deluxe', 'R1092300933', 'Air-Con', '1', 'Good', '4'),
('Casa Leona Deluxe', 'R1092330935', 'Electric fan', '1', 'Damage', '4'),
('Casa Leona Deluxe', 'R109230095', 'Electric fan', '1', 'Damage', '4'),
('3', 'R109230094', 'Shampoo', '30', 'Good', 'Casa Leona Deluxe'),
('Casa Leona', 'R109230095', 'Electric fan', '1', 'Damage', '1'),
('Casa Leona', 'R1092300933', 'Air-Con', '1', 'Good', '2'),
('Casa Leona Deluxe', 'R1092330935', 'Electric fan', '1', 'Damage', '3'),
('Casa Leona', 'R109230092', 'Air-Con', '1', 'Damage', ''),
('Casa Leona Deluxe', 'R109230093', 'Electric fan', '1', 'Good', '3'),
('Casa Leona Deluxe', 'R1092300933', 'Air-Con', '1', 'Good', '4'),
('Casa Leona Deluxe', 'R1092330935', 'Electric fan', '1', 'Damage', '4'),
('Casa Leona Deluxe', 'R109230095', 'Electric fan', '1', 'Good', '4'),
('3', 'R109230094', 'Shampoo', '30', 'Good', 'Casa Leona Deluxe'),
('Casa Leona', 'R109230095', 'Electric fan', '1', 'Good', '1'),
('Casa Leona', 'R1092300933', 'Air-Con', '1', 'Good', '2'),
('Casa Leona Deluxe', 'R1092330935', 'Electric fan', '1', 'Damage', '3'),
('New Bldg', 'R109230094', 'Shampoo', '30', 'Good', '123'),
('Casa Leona', 'R109230092', 'Air-Con', '1', 'Damage', ''),
('Casa Leona Deluxe', 'R109230093', 'Electric fan', '1', 'Good', '3'),
('Casa Leona Deluxe', 'R1092300933', 'Air-Con', '1', 'Good', '4'),
('Casa Leona Deluxe', 'R1092330935', 'Electric fan', '1', 'Damage', '4'),
('Casa Leona Deluxe', 'R109230095', 'Electric fan', '1', 'Good', '4'),
('3', 'R109230094', 'Shampoo', '30', 'Good', 'Casa Leona Deluxe'),
('Casa Leona', 'R109230095', 'Electric fan', '1', 'Good', '1'),
('Casa Leona', 'R1092300933', 'Air-Con', '1', 'Good', '2'),
('Casa Leona Deluxe', 'R1092330935', 'Electric fan', '1', 'Damage', '3'),
('Casa Leona', 'R109230092', 'Air-Con', '1', 'Damage', ''),
('Casa Leona Deluxe', 'R109230093', 'Electric fan', '1', 'Good', '3'),
('Casa Leona Deluxe', 'R1092300933', 'Air-Con', '1', 'Good', '4'),
('Casa Leona Deluxe', 'R1092330935', 'Electric fan', '1', 'Damage', '4'),
('Casa Leona Deluxe', 'R109230095', 'Electric fan', '1', 'Good', '4'),
('3', 'R109230094', 'Shampoo', '30', 'Good', 'Casa Leona Deluxe'),
('Casa Leona', 'R109230095', 'Electric fan', '1', 'Good', '1'),
('Casa Leona', 'R1092300933', 'Air-Con', '1', 'Good', '2'),
('Casa Leona Deluxe', 'R1092330935', 'Electric fan', '1', 'Damage', '3'),
('Casa Leona', 'R109230092', 'Air-Con', '1', 'Damage', ''),
('Casa Leona Deluxe', 'R109230093', 'Electric fan', '1', 'Good', '3'),
('Casa Leona Deluxe', 'R1092300933', 'Air-Con', '1', 'Good', '4'),
('Casa Leona Deluxe', 'R1092330935', 'Electric fan', '1', 'Damage', '4'),
('Casa Leona Deluxe', 'R109230095', 'Electric fan', '1', 'Good', '4'),
('3', 'R109230094', 'Shampoo', '30', 'Good', 'Casa Leona Deluxe'),
('Casa Leona', 'R109230095', 'Electric fan', '1', 'Good', '1'),
('Casa Leona', 'R1092300933', 'Air-Con', '1', 'Good', '2'),
('Casa Leona Deluxe', 'R1092330935', 'Electric fan', '1', 'Damage', '3'),
('Casa Leona', 'R109230092', 'Air-Con', '1', 'Damage', ''),
('Casa Leona Deluxe', 'R109230093', 'Electric fan', '1', 'Good', '3'),
('Casa Leona Deluxe', 'R1092300933', 'Air-Con', '1', 'Good', '4'),
('Casa Leona Deluxe', 'R1092330935', 'Electric fan', '1', 'Damage', '4'),
('Casa Leona Deluxe', 'R109230095', 'Electric fan', '1', 'Good', '4'),
('3', 'R109230094', 'Shampoo', '30', 'Good', 'Casa Leona Deluxe'),
('Casa Leona', 'R109230095', 'Electric fan', '1', 'Good', '1'),
('Casa Leona', 'R1092300933', 'Air-Con', '1', 'Good', '2'),
('Casa Leona Deluxe', 'R1092330935', 'Electric fan', '1', 'Damage', '3'),
('Casa Leona', 'R109230092', 'Air-Con', '1', 'Damage', ''),
('Casa Leona Deluxe', 'R109230093', 'Electric fan', '1', 'Good', '3'),
('Casa Leona Deluxe', 'R1092300933', 'Air-Con', '1', 'Good', '4'),
('Casa Leona Deluxe', 'R1092330935', 'Electric fan', '1', 'Damage', '4'),
('Casa Leona Deluxe', 'R109230095', 'Electric fan', '1', 'Good', '4'),
('3', 'R109230094', 'Shampoo', '30', 'Good', 'Casa Leona Deluxe'),
('Casa Leona', 'R109230095', 'Electric fan', '1', 'Good', '1'),
('Casa Leona', 'R1092300933', 'Air-Con', '1', 'Good', '2'),
('Casa Leona Deluxe', 'R1092330935', 'Electric fan', '1', 'Damage', '3');

-- --------------------------------------------------------

--
-- Table structure for table `tbladdons`
--

CREATE TABLE `tbladdons` (
  `id` int(11) NOT NULL,
  `trxnid` int(11) NOT NULL,
  `facid` int(11) NOT NULL,
  `typeid` int(11) NOT NULL,
  `devcode` varchar(50) NOT NULL,
  `devname` varchar(100) NOT NULL,
  `pieces` int(11) NOT NULL,
  `remarks` varchar(100) NOT NULL,
  `status` varchar(100) NOT NULL,
  `price1` decimal(10,2) NOT NULL,
  `price2` decimal(10,2) NOT NULL,
  `price3` decimal(10,2) NOT NULL,
  `disc` int(11) NOT NULL,
  `image` varchar(100) NOT NULL
) ENGINE=InnoDB DEFAULT CHARSET=latin1;

--
-- Dumping data for table `tbladdons`
--

INSERT INTO `tbladdons` (`id`, `trxnid`, `facid`, `typeid`, `devcode`, `devname`, `pieces`, `remarks`, `status`, `price1`, `price2`, `price3`, `disc`, `image`) VALUES
(16, 49, 1, 0, '', 'Bed', 1, '', '', '14000.00', '0.00', '0.00', 0, ''),
(17, 49, 1, 0, '', 'Air Conditioned Unit(ACU)', 0, '', '', '0.00', '0.00', '0.00', 0, ''),
(18, 49, 1, 0, '', 'Flat screen TV', 0, '', '', '0.00', '0.00', '0.00', 0, ''),
(19, 49, 1, 0, '', 'Refrigerator', 0, '', '', '0.00', '0.00', '0.00', 0, ''),
(20, 49, 1, 0, '', 'Toilet and bathroom', 0, '', '', '0.00', '0.00', '0.00', 0, ''),
(21, 49, 1, 0, '', 'Laptop', 0, '', '', '0.00', '0.00', '0.00', 0, ''),
(22, 50, 1, 0, '', 'Bed', 1, '', '', '14000.00', '0.00', '0.00', 0, ''),
(23, 50, 1, 0, '', 'Air Conditioned Unit(ACU)', 0, '', '', '0.00', '0.00', '0.00', 0, ''),
(24, 50, 1, 0, '', 'Flat screen TV', 0, '', '', '0.00', '0.00', '0.00', 0, ''),
(25, 50, 1, 0, '', 'Refrigerator', 0, '', '', '0.00', '0.00', '0.00', 0, ''),
(26, 50, 1, 0, '', 'Toilet and bathroom', 0, '', '', '0.00', '0.00', '0.00', 0, ''),
(27, 50, 1, 0, '', 'Laptop', 0, '', '', '0.00', '0.00', '0.00', 0, ''),
(28, 51, 1, 0, '', 'Bed', 2, '', '', '14000.00', '0.00', '0.00', 0, ''),
(29, 51, 1, 0, '', 'Air Conditioned Unit(ACU)', 0, '', '', '0.00', '0.00', '0.00', 0, ''),
(30, 51, 1, 0, '', 'Flat screen TV', 0, '', '', '0.00', '0.00', '0.00', 0, ''),
(31, 51, 1, 0, '', 'Refrigerator', 0, '', '', '0.00', '0.00', '0.00', 0, ''),
(32, 51, 1, 0, '', 'Toilet and bathroom', 0, '', '', '0.00', '0.00', '0.00', 0, ''),
(33, 51, 1, 0, '', 'Laptop', 0, '', '', '0.00', '0.00', '0.00', 0, ''),
(34, 52, 1, 0, '', 'Bed', 1, '', '', '14000.00', '0.00', '0.00', 0, ''),
(35, 52, 1, 0, '', 'Air Conditioned Unit(ACU)', 1, '', '', '1500.00', '0.00', '0.00', 0, ''),
(36, 52, 1, 0, '', 'Flat screen TV', 0, '', '', '1234.00', '0.00', '0.00', 0, ''),
(37, 52, 1, 0, '', 'Refrigerator', 0, '', '', '0.00', '0.00', '0.00', 0, ''),
(38, 52, 1, 0, '', 'Toilet and bathroom', 0, '', '', '0.00', '0.00', '0.00', 0, ''),
(39, 52, 1, 0, '', 'Laptop', 0, '', '', '0.00', '0.00', '0.00', 0, ''),
(40, 55, 1, 0, '', 'Bed', 0, '', '', '14000.00', '0.00', '0.00', 0, ''),
(41, 55, 1, 0, '', 'Air Conditioned Unit(ACU)', 1, '', '', '1500.00', '0.00', '0.00', 0, ''),
(42, 55, 1, 0, '', 'Flat screen TV', 0, '', '', '1234.00', '0.00', '0.00', 0, ''),
(43, 55, 1, 0, '', 'Refrigerator', 0, '', '', '0.00', '0.00', '0.00', 0, ''),
(44, 55, 1, 0, '', 'Toilet and bathroom', 0, '', '', '0.00', '0.00', '0.00', 0, ''),
(45, 55, 1, 0, '', 'Laptop', 0, '', '', '0.00', '0.00', '0.00', 0, ''),
(46, 57, 1, 0, '', 'Bed', 0, '', '', '14000.00', '0.00', '0.00', 0, ''),
(47, 57, 1, 0, '', 'Air Conditioned Unit(ACU)', 0, '', '', '1500.00', '0.00', '0.00', 0, ''),
(48, 57, 1, 0, '', 'Flat screen TV', 1, '', '', '1234.00', '0.00', '0.00', 0, ''),
(49, 57, 1, 0, '', 'Refrigerator', 0, '', '', '0.00', '0.00', '0.00', 0, ''),
(50, 57, 1, 0, '', 'Toilet and bathroom', 0, '', '', '0.00', '0.00', '0.00', 0, ''),
(51, 57, 1, 0, '', 'Laptop', 0, '', '', '0.00', '0.00', '0.00', 0, ''),
(52, 58, 1, 0, '', 'Bed', 0, '', '', '14000.00', '0.00', '0.00', 0, ''),
(53, 58, 1, 0, '', 'Air Conditioned Unit(ACU)', 0, '', '', '1500.00', '0.00', '0.00', 0, ''),
(54, 58, 1, 0, '', 'Flat screen TV', 1, '', '', '1234.00', '0.00', '0.00', 0, ''),
(55, 58, 1, 0, '', 'Refrigerator', 0, '', '', '0.00', '0.00', '0.00', 0, ''),
(56, 58, 1, 0, '', 'Toilet and bathroom', 0, '', '', '0.00', '0.00', '0.00', 0, ''),
(57, 58, 1, 0, '', 'Laptop', 0, '', '', '0.00', '0.00', '0.00', 0, ''),
(58, 59, 1, 0, '', 'Bed', 0, '', '', '14000.00', '0.00', '0.00', 0, ''),
(59, 59, 1, 0, '', 'Air Conditioned Unit(ACU)', 0, '', '', '1500.00', '0.00', '0.00', 0, ''),
(60, 59, 1, 0, '', 'Flat screen TV', 1, '', '', '1234.00', '0.00', '0.00', 0, ''),
(61, 59, 1, 0, '', 'Refrigerator', 0, '', '', '0.00', '0.00', '0.00', 0, ''),
(62, 59, 1, 0, '', 'Toilet and bathroom', 0, '', '', '0.00', '0.00', '0.00', 0, ''),
(63, 59, 1, 0, '', 'Laptop', 0, '', '', '0.00', '0.00', '0.00', 0, ''),
(64, 60, 1, 0, '', 'Bed', 0, '', '', '14000.00', '0.00', '0.00', 0, ''),
(65, 60, 1, 0, '', 'Air Conditioned Unit(ACU)', 0, '', '', '1500.00', '0.00', '0.00', 0, ''),
(66, 60, 1, 0, '', 'Flat screen TV', 1, '', '', '1234.00', '0.00', '0.00', 0, ''),
(67, 60, 1, 0, '', 'Refrigerator', 0, '', '', '0.00', '0.00', '0.00', 0, ''),
(68, 60, 1, 0, '', 'Toilet and bathroom', 0, '', '', '0.00', '0.00', '0.00', 0, ''),
(69, 60, 1, 0, '', 'Laptop', 0, '', '', '0.00', '0.00', '0.00', 0, ''),
(70, 61, 2, 0, '', 'askjasdksafk', 0, '', '', '0.00', '0.00', '0.00', 0, ''),
(71, 62, 2, 0, '', 'askjasdksafk', 0, '', '', '0.00', '0.00', '0.00', 0, ''),
(72, 63, 1, 0, '', 'Bed', 0, '', '', '14000.00', '0.00', '0.00', 0, ''),
(73, 63, 1, 0, '', 'Air Conditioned Unit(ACU)', 0, '', '', '1500.00', '0.00', '0.00', 0, ''),
(74, 63, 1, 0, '', 'Flat screen TV', 0, '', '', '1234.00', '0.00', '0.00', 0, ''),
(75, 63, 1, 0, '', 'Refrigerator', 0, '', '', '0.00', '0.00', '0.00', 0, ''),
(76, 63, 1, 0, '', 'Toilet and bathroom', 0, '', '', '0.00', '0.00', '0.00', 0, ''),
(77, 63, 1, 0, '', 'Laptop', 0, '', '', '0.00', '0.00', '0.00', 0, ''),
(78, 64, 1, 0, '', 'Bed', 0, '', '', '14000.00', '0.00', '0.00', 0, ''),
(79, 64, 1, 0, '', 'Air Conditioned Unit(ACU)', 0, '', '', '1500.00', '0.00', '0.00', 0, ''),
(80, 64, 1, 0, '', 'Flat screen TV', 0, '', '', '1234.00', '0.00', '0.00', 0, ''),
(81, 64, 1, 0, '', 'Refrigerator', 0, '', '', '0.00', '0.00', '0.00', 0, ''),
(82, 64, 1, 0, '', 'Toilet and bathroom', 0, '', '', '0.00', '0.00', '0.00', 0, ''),
(83, 64, 1, 0, '', 'Laptop', 0, '', '', '0.00', '0.00', '0.00', 0, ''),
(84, 65, 1, 0, '', 'Bed', 0, '', '', '14000.00', '0.00', '0.00', 0, ''),
(85, 65, 1, 0, '', 'Air Conditioned Unit(ACU)', 0, '', '', '1500.00', '0.00', '0.00', 0, ''),
(86, 65, 1, 0, '', 'Flat screen TV', 0, '', '', '1234.00', '0.00', '0.00', 0, ''),
(87, 65, 1, 0, '', 'Refrigerator', 0, '', '', '0.00', '0.00', '0.00', 0, ''),
(88, 65, 1, 0, '', 'Toilet and bathroom', 0, '', '', '0.00', '0.00', '0.00', 0, ''),
(89, 65, 1, 0, '', 'Laptop', 0, '', '', '0.00', '0.00', '0.00', 0, ''),
(90, 70, 1, 0, '', 'Bed', 0, '', '', '14000.00', '0.00', '0.00', 0, ''),
(91, 70, 1, 0, '', 'Air Conditioned Unit(ACU)', 0, '', '', '1500.00', '0.00', '0.00', 0, ''),
(92, 70, 1, 0, '', 'Flat screen TV', 0, '', '', '1234.00', '0.00', '0.00', 0, ''),
(93, 70, 1, 0, '', 'Refrigerator', 0, '', '', '0.00', '0.00', '0.00', 0, ''),
(94, 70, 1, 0, '', 'Toilet and bathroom', 0, '', '', '0.00', '0.00', '0.00', 0, ''),
(95, 70, 1, 0, '', 'Laptop', 0, '', '', '0.00', '0.00', '0.00', 0, ''),
(96, 71, 1, 0, '', 'Bed', 0, '', '', '14000.00', '0.00', '0.00', 0, ''),
(97, 71, 1, 0, '', 'Air Conditioned Unit(ACU)', 0, '', '', '1500.00', '0.00', '0.00', 0, ''),
(98, 71, 1, 0, '', 'Flat screen TV', 0, '', '', '1234.00', '0.00', '0.00', 0, ''),
(99, 71, 1, 0, '', 'Refrigerator', 0, '', '', '0.00', '0.00', '0.00', 0, ''),
(100, 71, 1, 0, '', 'Toilet and bathroom', 0, '', '', '0.00', '0.00', '0.00', 0, ''),
(101, 71, 1, 0, '', 'Laptop', 0, '', '', '0.00', '0.00', '0.00', 0, ''),
(102, 72, 2, 0, '', 'askjasdksafk', 0, '', '', '0.00', '0.00', '0.00', 0, ''),
(103, 73, 1, 0, '', 'Bed', 0, '', '', '14000.00', '0.00', '0.00', 0, ''),
(104, 73, 1, 0, '', 'Air Conditioned Unit(ACU)', 0, '', '', '1500.00', '0.00', '0.00', 0, ''),
(105, 73, 1, 0, '', 'Flat screen TV', 0, '', '', '1234.00', '0.00', '0.00', 0, ''),
(106, 73, 1, 0, '', 'Refrigerator', 0, '', '', '0.00', '0.00', '0.00', 0, ''),
(107, 73, 1, 0, '', 'Toilet and bathroom', 0, '', '', '0.00', '0.00', '0.00', 0, ''),
(108, 73, 1, 0, '', 'Laptop', 0, '', '', '0.00', '0.00', '0.00', 0, ''),
(109, 74, 1, 0, '', 'Bed', 0, '', '', '14000.00', '0.00', '0.00', 0, ''),
(110, 74, 1, 0, '', 'Air Conditioned Unit(ACU)', 0, '', '', '1500.00', '0.00', '0.00', 0, ''),
(111, 74, 1, 0, '', 'Flat screen TV', 0, '', '', '1234.00', '0.00', '0.00', 0, ''),
(112, 74, 1, 0, '', 'Refrigerator', 0, '', '', '0.00', '0.00', '0.00', 0, ''),
(113, 74, 1, 0, '', 'Toilet and bathroom', 0, '', '', '0.00', '0.00', '0.00', 0, ''),
(114, 74, 1, 0, '', 'Laptop', 0, '', '', '0.00', '0.00', '0.00', 0, ''),
(115, 75, 1, 0, '', 'Bed', 0, '', '', '14000.00', '0.00', '0.00', 0, ''),
(116, 75, 1, 0, '', 'Air Conditioned Unit(ACU)', 0, '', '', '1500.00', '0.00', '0.00', 0, ''),
(117, 75, 1, 0, '', 'Flat screen TV', 0, '', '', '1234.00', '0.00', '0.00', 0, ''),
(118, 75, 1, 0, '', 'Refrigerator', 0, '', '', '0.00', '0.00', '0.00', 0, ''),
(119, 75, 1, 0, '', 'Toilet and bathroom', 0, '', '', '0.00', '0.00', '0.00', 0, ''),
(120, 75, 1, 0, '', 'Laptop', 0, '', '', '0.00', '0.00', '0.00', 0, ''),
(121, 76, 1, 0, '', 'Bed', 0, '', '', '14000.00', '0.00', '0.00', 0, ''),
(122, 76, 1, 0, '', 'Air Conditioned Unit(ACU)', 0, '', '', '1500.00', '0.00', '0.00', 0, ''),
(123, 76, 1, 0, '', 'Flat screen TV', 0, '', '', '1234.00', '0.00', '0.00', 0, ''),
(124, 76, 1, 0, '', 'Refrigerator', 0, '', '', '0.00', '0.00', '0.00', 0, ''),
(125, 76, 1, 0, '', 'Toilet and bathroom', 0, '', '', '0.00', '0.00', '0.00', 0, ''),
(126, 76, 1, 0, '', 'Laptop', 0, '', '', '0.00', '0.00', '0.00', 0, ''),
(127, 77, 1, 0, '', 'Bed', 0, '', '', '14000.00', '0.00', '0.00', 0, ''),
(128, 77, 1, 0, '', 'Air Conditioned Unit(ACU)', 0, '', '', '1500.00', '0.00', '0.00', 0, ''),
(129, 77, 1, 0, '', 'Flat screen TV', 0, '', '', '1234.00', '0.00', '0.00', 0, ''),
(130, 77, 1, 0, '', 'Refrigerator', 0, '', '', '0.00', '0.00', '0.00', 0, ''),
(131, 77, 1, 0, '', 'Toilet and bathroom', 0, '', '', '0.00', '0.00', '0.00', 0, ''),
(132, 77, 1, 0, '', 'Laptop', 0, '', '', '0.00', '0.00', '0.00', 0, ''),
(133, 78, 1, 0, '', 'Bed', 0, '', '', '14000.00', '0.00', '0.00', 0, ''),
(134, 78, 1, 0, '', 'Air Conditioned Unit(ACU)', 0, '', '', '1500.00', '0.00', '0.00', 0, ''),
(135, 78, 1, 0, '', 'Flat screen TV', 0, '', '', '1234.00', '0.00', '0.00', 0, ''),
(136, 78, 1, 0, '', 'Refrigerator', 0, '', '', '0.00', '0.00', '0.00', 0, ''),
(137, 78, 1, 0, '', 'Toilet and bathroom', 0, '', '', '0.00', '0.00', '0.00', 0, ''),
(138, 78, 1, 0, '', 'Laptop', 0, '', '', '0.00', '0.00', '0.00', 0, ''),
(139, 79, 1, 0, '', 'Bed', 0, '', '', '14000.00', '0.00', '0.00', 0, ''),
(140, 79, 1, 0, '', 'Air Conditioned Unit(ACU)', 0, '', '', '1500.00', '0.00', '0.00', 0, ''),
(141, 79, 1, 0, '', 'Flat screen TV', 0, '', '', '1234.00', '0.00', '0.00', 0, ''),
(142, 79, 1, 0, '', 'Refrigerator', 0, '', '', '0.00', '0.00', '0.00', 0, ''),
(143, 79, 1, 0, '', 'Toilet and bathroom', 0, '', '', '0.00', '0.00', '0.00', 0, ''),
(144, 79, 1, 0, '', 'Laptop', 0, '', '', '0.00', '0.00', '0.00', 0, ''),
(145, 80, 1, 0, '', 'Bed', 0, '', '', '14000.00', '0.00', '0.00', 0, ''),
(146, 80, 1, 0, '', 'Air Conditioned Unit(ACU)', 0, '', '', '1500.00', '0.00', '0.00', 0, ''),
(147, 80, 1, 0, '', 'Flat screen TV', 0, '', '', '1234.00', '0.00', '0.00', 0, ''),
(148, 80, 1, 0, '', 'Refrigerator', 0, '', '', '0.00', '0.00', '0.00', 0, ''),
(149, 80, 1, 0, '', 'Toilet and bathroom', 0, '', '', '0.00', '0.00', '0.00', 0, ''),
(150, 80, 1, 0, '', 'Laptop', 0, '', '', '0.00', '0.00', '0.00', 0, ''),
(151, 81, 1, 0, '', 'Bed', 0, '', '', '14000.00', '0.00', '0.00', 0, ''),
(152, 81, 1, 0, '', 'Air Conditioned Unit(ACU)', 0, '', '', '1500.00', '0.00', '0.00', 0, ''),
(153, 81, 1, 0, '', 'Flat screen TV', 0, '', '', '1234.00', '0.00', '0.00', 0, ''),
(154, 81, 1, 0, '', 'Refrigerator', 0, '', '', '0.00', '0.00', '0.00', 0, ''),
(155, 81, 1, 0, '', 'Toilet and bathroom', 0, '', '', '0.00', '0.00', '0.00', 0, ''),
(156, 81, 1, 0, '', 'Laptop', 0, '', '', '0.00', '0.00', '0.00', 0, ''),
(157, 82, 1, 0, '', 'Bed', 0, '', '', '14000.00', '0.00', '0.00', 0, ''),
(158, 82, 1, 0, '', 'Air Conditioned Unit(ACU)', 0, '', '', '1500.00', '0.00', '0.00', 0, ''),
(159, 82, 1, 0, '', 'Flat screen TV', 0, '', '', '1234.00', '0.00', '0.00', 0, ''),
(160, 82, 1, 0, '', 'Refrigerator', 0, '', '', '0.00', '0.00', '0.00', 0, ''),
(161, 82, 1, 0, '', 'Toilet and bathroom', 0, '', '', '0.00', '0.00', '0.00', 0, ''),
(162, 82, 1, 0, '', 'Laptop', 0, '', '', '0.00', '0.00', '0.00', 0, ''),
(163, 84, 1, 0, '', 'Bed', 0, '', '', '14000.00', '0.00', '0.00', 0, ''),
(164, 84, 1, 0, '', 'Air Conditioned Unit(ACU)', 0, '', '', '1500.00', '0.00', '0.00', 0, ''),
(165, 84, 1, 0, '', 'Flat screen TV', 0, '', '', '1234.00', '0.00', '0.00', 0, ''),
(166, 84, 1, 0, '', 'Refrigerator', 0, '', '', '0.00', '0.00', '0.00', 0, ''),
(167, 84, 1, 0, '', 'Toilet and bathroom', 0, '', '', '0.00', '0.00', '0.00', 0, ''),
(168, 84, 1, 0, '', 'Laptop', 0, '', '', '0.00', '0.00', '0.00', 0, ''),
(169, 85, 1, 0, '', 'Bed', 0, '', '', '14000.00', '0.00', '0.00', 0, ''),
(170, 85, 1, 0, '', 'Air Conditioned Unit(ACU)', 0, '', '', '1500.00', '0.00', '0.00', 0, ''),
(171, 85, 1, 0, '', 'Flat screen TV', 0, '', '', '1234.00', '0.00', '0.00', 0, ''),
(172, 85, 1, 0, '', 'Refrigerator', 0, '', '', '0.00', '0.00', '0.00', 0, ''),
(173, 85, 1, 0, '', 'Toilet and bathroom', 0, '', '', '0.00', '0.00', '0.00', 0, ''),
(174, 85, 1, 0, '', 'Laptop', 0, '', '', '0.00', '0.00', '0.00', 0, ''),
(175, 86, 1, 0, '', 'Bed', 0, '', '', '14000.00', '0.00', '0.00', 0, ''),
(176, 86, 1, 0, '', 'Air Conditioned Unit(ACU)', 0, '', '', '1500.00', '0.00', '0.00', 0, ''),
(177, 86, 1, 0, '', 'Flat screen TV', 0, '', '', '1234.00', '0.00', '0.00', 0, ''),
(178, 86, 1, 0, '', 'Refrigerator', 0, '', '', '0.00', '0.00', '0.00', 0, ''),
(179, 86, 1, 0, '', 'Toilet and bathroom', 0, '', '', '0.00', '0.00', '0.00', 0, ''),
(180, 86, 1, 0, '', 'Laptop', 0, '', '', '0.00', '0.00', '0.00', 0, ''),
(181, 87, 1, 0, '', 'Bed', 0, '', '', '14000.00', '0.00', '0.00', 0, ''),
(182, 87, 1, 0, '', 'Air Conditioned Unit(ACU)', 0, '', '', '1500.00', '0.00', '0.00', 0, ''),
(183, 87, 1, 0, '', 'Flat screen TV', 0, '', '', '1234.00', '0.00', '0.00', 0, ''),
(184, 87, 1, 0, '', 'Refrigerator', 0, '', '', '0.00', '0.00', '0.00', 0, ''),
(185, 87, 1, 0, '', 'Toilet and bathroom', 0, '', '', '0.00', '0.00', '0.00', 0, ''),
(186, 87, 1, 0, '', 'Laptop', 0, '', '', '0.00', '0.00', '0.00', 0, ''),
(187, 88, 1, 0, '', 'Bed', 0, '', '', '14000.00', '0.00', '0.00', 0, ''),
(188, 88, 1, 0, '', 'Air Conditioned Unit(ACU)', 0, '', '', '1500.00', '0.00', '0.00', 0, ''),
(189, 88, 1, 0, '', 'Flat screen TV', 0, '', '', '1234.00', '0.00', '0.00', 0, ''),
(190, 88, 1, 0, '', 'Refrigerator', 0, '', '', '0.00', '0.00', '0.00', 0, ''),
(191, 88, 1, 0, '', 'Toilet and bathroom', 0, '', '', '0.00', '0.00', '0.00', 0, ''),
(192, 88, 1, 0, '', 'Laptop', 0, '', '', '0.00', '0.00', '0.00', 0, ''),
(193, 89, 1, 0, '', 'Bed', 0, '', '', '14000.00', '0.00', '0.00', 0, ''),
(194, 89, 1, 0, '', 'Air Conditioned Unit(ACU)', 0, '', '', '1500.00', '0.00', '0.00', 0, ''),
(195, 89, 1, 0, '', 'Flat screen TV', 0, '', '', '1234.00', '0.00', '0.00', 0, ''),
(196, 89, 1, 0, '', 'Refrigerator', 0, '', '', '0.00', '0.00', '0.00', 0, ''),
(197, 89, 1, 0, '', 'Toilet and bathroom', 0, '', '', '0.00', '0.00', '0.00', 0, ''),
(198, 89, 1, 0, '', 'Laptop', 0, '', '', '0.00', '0.00', '0.00', 0, ''),
(199, 90, 1, 0, '', 'Bed', 0, '', '', '14000.00', '0.00', '0.00', 0, ''),
(200, 90, 1, 0, '', 'Air Conditioned Unit(ACU)', 0, '', '', '1500.00', '0.00', '0.00', 0, ''),
(201, 90, 1, 0, '', 'Flat screen TV', 0, '', '', '1234.00', '0.00', '0.00', 0, ''),
(202, 90, 1, 0, '', 'Refrigerator', 0, '', '', '0.00', '0.00', '0.00', 0, ''),
(203, 90, 1, 0, '', 'Toilet and bathroom', 0, '', '', '0.00', '0.00', '0.00', 0, ''),
(204, 90, 1, 0, '', 'Laptop', 0, '', '', '0.00', '0.00', '0.00', 0, ''),
(205, 91, 1, 0, '', 'Bed', 0, '', '', '14000.00', '0.00', '0.00', 0, ''),
(206, 91, 1, 0, '', 'Air Conditioned Unit(ACU)', 0, '', '', '1500.00', '0.00', '0.00', 0, ''),
(207, 91, 1, 0, '', 'Flat screen TV', 0, '', '', '1234.00', '0.00', '0.00', 0, ''),
(208, 91, 1, 0, '', 'Refrigerator', 0, '', '', '0.00', '0.00', '0.00', 0, ''),
(209, 91, 1, 0, '', 'Toilet and bathroom', 0, '', '', '0.00', '0.00', '0.00', 0, ''),
(210, 91, 1, 0, '', 'Laptop', 0, '', '', '0.00', '0.00', '0.00', 0, ''),
(211, 92, 1, 0, '', 'Bed', 0, '', '', '14000.00', '0.00', '0.00', 0, ''),
(212, 92, 1, 0, '', 'Air Conditioned Unit(ACU)', 0, '', '', '1500.00', '0.00', '0.00', 0, ''),
(213, 92, 1, 0, '', 'Flat screen TV', 0, '', '', '1234.00', '0.00', '0.00', 0, ''),
(214, 92, 1, 0, '', 'Refrigerator', 0, '', '', '0.00', '0.00', '0.00', 0, ''),
(215, 92, 1, 0, '', 'Toilet and bathroom', 0, '', '', '0.00', '0.00', '0.00', 0, ''),
(216, 92, 1, 0, '', 'Laptop', 0, '', '', '0.00', '0.00', '0.00', 0, ''),
(217, 93, 1, 0, '', 'Bed', 0, '', '', '14000.00', '0.00', '0.00', 0, ''),
(218, 93, 1, 0, '', 'Air Conditioned Unit(ACU)', 0, '', '', '1500.00', '0.00', '0.00', 0, ''),
(219, 93, 1, 0, '', 'Flat screen TV', 0, '', '', '1234.00', '0.00', '0.00', 0, ''),
(220, 93, 1, 0, '', 'Refrigerator', 0, '', '', '0.00', '0.00', '0.00', 0, ''),
(221, 93, 1, 0, '', 'Toilet and bathroom', 0, '', '', '0.00', '0.00', '0.00', 0, ''),
(222, 93, 1, 0, '', 'Laptop', 0, '', '', '0.00', '0.00', '0.00', 0, ''),
(223, 94, 1, 0, '', 'Bed', 0, '', '', '14000.00', '0.00', '0.00', 0, ''),
(224, 94, 1, 0, '', 'Air Conditioned Unit(ACU)', 0, '', '', '1500.00', '0.00', '0.00', 0, ''),
(225, 94, 1, 0, '', 'Flat screen TV', 0, '', '', '1234.00', '0.00', '0.00', 0, ''),
(226, 94, 1, 0, '', 'Refrigerator', 0, '', '', '0.00', '0.00', '0.00', 0, ''),
(227, 94, 1, 0, '', 'Toilet and bathroom', 0, '', '', '0.00', '0.00', '0.00', 0, ''),
(228, 94, 1, 0, '', 'Laptop', 0, '', '', '0.00', '0.00', '0.00', 0, ''),
(229, 96, 1, 0, '', 'Bed', 0, '', '', '14000.00', '0.00', '0.00', 0, ''),
(230, 96, 1, 0, '', 'Air Conditioned Unit(ACU)', 0, '', '', '1500.00', '0.00', '0.00', 0, ''),
(231, 96, 1, 0, '', 'Flat screen TV', 0, '', '', '1234.00', '0.00', '0.00', 0, ''),
(232, 96, 1, 0, '', 'Refrigerator', 0, '', '', '0.00', '0.00', '0.00', 0, ''),
(233, 96, 1, 0, '', 'Toilet and bathroom', 0, '', '', '0.00', '0.00', '0.00', 0, ''),
(234, 96, 1, 0, '', 'Laptop', 0, '', '', '0.00', '0.00', '0.00', 0, ''),
(235, 97, 1, 0, '', 'Bed', 0, '', '', '14000.00', '0.00', '0.00', 0, ''),
(236, 97, 1, 0, '', 'Air Conditioned Unit(ACU)', 0, '', '', '1500.00', '0.00', '0.00', 0, ''),
(237, 97, 1, 0, '', 'Flat screen TV', 0, '', '', '1234.00', '0.00', '0.00', 0, ''),
(238, 97, 1, 0, '', 'Refrigerator', 0, '', '', '0.00', '0.00', '0.00', 0, ''),
(239, 97, 1, 0, '', 'Toilet and bathroom', 0, '', '', '0.00', '0.00', '0.00', 0, ''),
(240, 97, 1, 0, '', 'Laptop', 0, '', '', '0.00', '0.00', '0.00', 0, ''),
(241, 98, 1, 0, '', 'Bed', 0, '', '', '14000.00', '0.00', '0.00', 0, ''),
(242, 98, 1, 0, '', 'Air Conditioned Unit(ACU)', 0, '', '', '1500.00', '0.00', '0.00', 0, ''),
(243, 98, 1, 0, '', 'Flat screen TV', 0, '', '', '1234.00', '0.00', '0.00', 0, ''),
(244, 98, 1, 0, '', 'Refrigerator', 0, '', '', '0.00', '0.00', '0.00', 0, ''),
(245, 98, 1, 0, '', 'Toilet and bathroom', 0, '', '', '0.00', '0.00', '0.00', 0, ''),
(246, 98, 1, 0, '', 'Laptop', 0, '', '', '0.00', '0.00', '0.00', 0, ''),
(247, 99, 1, 0, '', 'Bed', 0, '', '', '14000.00', '0.00', '0.00', 0, ''),
(248, 99, 1, 0, '', 'Air Conditioned Unit(ACU)', 0, '', '', '1500.00', '0.00', '0.00', 0, ''),
(249, 99, 1, 0, '', 'Flat screen TV', 0, '', '', '1234.00', '0.00', '0.00', 0, ''),
(250, 99, 1, 0, '', 'Refrigerator', 0, '', '', '0.00', '0.00', '0.00', 0, ''),
(251, 99, 1, 0, '', 'Toilet and bathroom', 0, '', '', '0.00', '0.00', '0.00', 0, ''),
(252, 99, 1, 0, '', 'Laptop', 0, '', '', '0.00', '0.00', '0.00', 0, ''),
(253, 100, 1, 0, '', 'Bed', 0, '', '', '14000.00', '0.00', '0.00', 0, ''),
(254, 100, 1, 0, '', 'Air Conditioned Unit(ACU)', 0, '', '', '1500.00', '0.00', '0.00', 0, ''),
(255, 100, 1, 0, '', 'Flat screen TV', 0, '', '', '1234.00', '0.00', '0.00', 0, ''),
(256, 100, 1, 0, '', 'Refrigerator', 0, '', '', '0.00', '0.00', '0.00', 0, ''),
(257, 100, 1, 0, '', 'Toilet and bathroom', 0, '', '', '0.00', '0.00', '0.00', 0, ''),
(258, 100, 1, 0, '', 'Laptop', 0, '', '', '0.00', '0.00', '0.00', 0, ''),
(259, 101, 1, 0, '', 'Bed', 0, '', '', '14000.00', '0.00', '0.00', 0, ''),
(260, 101, 1, 0, '', 'Air Conditioned Unit(ACU)', 0, '', '', '1500.00', '0.00', '0.00', 0, ''),
(261, 101, 1, 0, '', 'Flat screen TV', 0, '', '', '1234.00', '0.00', '0.00', 0, ''),
(262, 101, 1, 0, '', 'Refrigerator', 0, '', '', '0.00', '0.00', '0.00', 0, ''),
(263, 101, 1, 0, '', 'Toilet and bathroom', 0, '', '', '0.00', '0.00', '0.00', 0, ''),
(264, 101, 1, 0, '', 'Laptop', 0, '', '', '0.00', '0.00', '0.00', 0, ''),
(265, 102, 1, 0, '', 'Bed', 0, '', '', '14000.00', '0.00', '0.00', 0, ''),
(266, 102, 1, 0, '', 'Air Conditioned Unit(ACU)', 0, '', '', '1500.00', '0.00', '0.00', 0, ''),
(267, 102, 1, 0, '', 'Flat screen TV', 0, '', '', '1234.00', '0.00', '0.00', 0, ''),
(268, 102, 1, 0, '', 'Refrigerator', 0, '', '', '0.00', '0.00', '0.00', 0, ''),
(269, 102, 1, 0, '', 'Toilet and bathroom', 0, '', '', '0.00', '0.00', '0.00', 0, ''),
(270, 102, 1, 0, '', 'Laptop', 0, '', '', '0.00', '0.00', '0.00', 0, ''),
(271, 103, 1, 0, '', 'Bed', 0, '', '', '14000.00', '0.00', '0.00', 0, ''),
(272, 103, 1, 0, '', 'Air Conditioned Unit(ACU)', 0, '', '', '1500.00', '0.00', '0.00', 0, ''),
(273, 103, 1, 0, '', 'Flat screen TV', 0, '', '', '1234.00', '0.00', '0.00', 0, ''),
(274, 103, 1, 0, '', 'Refrigerator', 0, '', '', '0.00', '0.00', '0.00', 0, ''),
(275, 103, 1, 0, '', 'Toilet and bathroom', 0, '', '', '0.00', '0.00', '0.00', 0, ''),
(276, 103, 1, 0, '', 'Laptop', 0, '', '', '0.00', '0.00', '0.00', 0, ''),
(277, 104, 1, 0, '', 'Bed', 0, '', '', '14000.00', '0.00', '0.00', 0, ''),
(278, 104, 1, 0, '', 'Air Conditioned Unit(ACU)', 0, '', '', '1500.00', '0.00', '0.00', 0, ''),
(279, 104, 1, 0, '', 'Flat screen TV', 0, '', '', '1234.00', '0.00', '0.00', 0, ''),
(280, 104, 1, 0, '', 'Refrigerator', 0, '', '', '0.00', '0.00', '0.00', 0, ''),
(281, 104, 1, 0, '', 'Toilet and bathroom', 0, '', '', '0.00', '0.00', '0.00', 0, ''),
(282, 104, 1, 0, '', 'Laptop', 0, '', '', '0.00', '0.00', '0.00', 0, ''),
(283, 105, 1, 0, '', 'Bed', 0, '', '', '14000.00', '0.00', '0.00', 0, ''),
(284, 105, 1, 0, '', 'Air Conditioned Unit(ACU)', 0, '', '', '1500.00', '0.00', '0.00', 0, ''),
(285, 105, 1, 0, '', 'Flat screen TV', 0, '', '', '1234.00', '0.00', '0.00', 0, ''),
(286, 105, 1, 0, '', 'Refrigerator', 0, '', '', '0.00', '0.00', '0.00', 0, ''),
(287, 105, 1, 0, '', 'Toilet and bathroom', 0, '', '', '0.00', '0.00', '0.00', 0, ''),
(288, 105, 1, 0, '', 'Laptop', 0, '', '', '0.00', '0.00', '0.00', 0, ''),
(289, 106, 1, 0, '', 'Bed', 0, '', '', '14000.00', '0.00', '0.00', 0, ''),
(290, 106, 1, 0, '', 'Air Conditioned Unit(ACU)', 0, '', '', '1500.00', '0.00', '0.00', 0, ''),
(291, 106, 1, 0, '', 'Flat screen TV', 0, '', '', '1234.00', '0.00', '0.00', 0, ''),
(292, 106, 1, 0, '', 'Refrigerator', 0, '', '', '0.00', '0.00', '0.00', 0, ''),
(293, 106, 1, 0, '', 'Toilet and bathroom', 0, '', '', '0.00', '0.00', '0.00', 0, ''),
(294, 106, 1, 0, '', 'Laptop', 0, '', '', '0.00', '0.00', '0.00', 0, ''),
(295, 107, 1, 0, '', 'Bed', 0, '', '', '14000.00', '0.00', '0.00', 0, ''),
(296, 107, 1, 0, '', 'Air Conditioned Unit(ACU)', 0, '', '', '1500.00', '0.00', '0.00', 0, ''),
(297, 107, 1, 0, '', 'Flat screen TV', 0, '', '', '1234.00', '0.00', '0.00', 0, ''),
(298, 107, 1, 0, '', 'Refrigerator', 0, '', '', '0.00', '0.00', '0.00', 0, ''),
(299, 107, 1, 0, '', 'Toilet and bathroom', 0, '', '', '0.00', '0.00', '0.00', 0, ''),
(300, 107, 1, 0, '', 'Laptop', 0, '', '', '0.00', '0.00', '0.00', 0, ''),
(301, 108, 1, 0, '', 'Bed', 0, '', '', '14000.00', '0.00', '0.00', 0, ''),
(302, 108, 1, 0, '', 'Air Conditioned Unit(ACU)', 0, '', '', '1500.00', '0.00', '0.00', 0, ''),
(303, 108, 1, 0, '', 'Flat screen TV', 0, '', '', '1234.00', '0.00', '0.00', 0, ''),
(304, 108, 1, 0, '', 'Refrigerator', 0, '', '', '0.00', '0.00', '0.00', 0, ''),
(305, 108, 1, 0, '', 'Toilet and bathroom', 0, '', '', '0.00', '0.00', '0.00', 0, ''),
(306, 108, 1, 0, '', 'Laptop', 0, '', '', '0.00', '0.00', '0.00', 0, ''),
(307, 109, 1, 0, '', 'Bed', 0, '', '', '14000.00', '0.00', '0.00', 0, ''),
(308, 109, 1, 0, '', 'Air Conditioned Unit(ACU)', 0, '', '', '1500.00', '0.00', '0.00', 0, ''),
(309, 109, 1, 0, '', 'Flat screen TV', 0, '', '', '1234.00', '0.00', '0.00', 0, ''),
(310, 109, 1, 0, '', 'Refrigerator', 0, '', '', '0.00', '0.00', '0.00', 0, ''),
(311, 109, 1, 0, '', 'Toilet and bathroom', 0, '', '', '0.00', '0.00', '0.00', 0, ''),
(312, 109, 1, 0, '', 'Laptop', 0, '', '', '0.00', '0.00', '0.00', 0, ''),
(313, 110, 1, 0, '', 'Bed', 0, '', '', '14000.00', '0.00', '0.00', 0, ''),
(314, 110, 1, 0, '', 'Air Conditioned Unit(ACU)', 0, '', '', '1500.00', '0.00', '0.00', 0, ''),
(315, 110, 1, 0, '', 'Flat screen TV', 0, '', '', '1234.00', '0.00', '0.00', 0, ''),
(316, 110, 1, 0, '', 'Refrigerator', 0, '', '', '0.00', '0.00', '0.00', 0, ''),
(317, 110, 1, 0, '', 'Toilet and bathroom', 0, '', '', '0.00', '0.00', '0.00', 0, ''),
(318, 110, 1, 0, '', 'Laptop', 0, '', '', '0.00', '0.00', '0.00', 0, ''),
(319, 111, 1, 0, '', 'Bed', 0, '', '', '14000.00', '0.00', '0.00', 0, ''),
(320, 111, 1, 0, '', 'Air Conditioned Unit(ACU)', 0, '', '', '1500.00', '0.00', '0.00', 0, ''),
(321, 111, 1, 0, '', 'Flat screen TV', 0, '', '', '1234.00', '0.00', '0.00', 0, ''),
(322, 111, 1, 0, '', 'Refrigerator', 0, '', '', '0.00', '0.00', '0.00', 0, ''),
(323, 111, 1, 0, '', 'Toilet and bathroom', 0, '', '', '0.00', '0.00', '0.00', 0, ''),
(324, 111, 1, 0, '', 'Laptop', 0, '', '', '0.00', '0.00', '0.00', 0, ''),
(325, 112, 1, 0, '', 'Bed', 0, '', '', '14000.00', '0.00', '0.00', 0, ''),
(326, 112, 1, 0, '', 'Air Conditioned Unit(ACU)', 0, '', '', '1500.00', '0.00', '0.00', 0, ''),
(327, 112, 1, 0, '', 'Flat screen TV', 0, '', '', '1234.00', '0.00', '0.00', 0, ''),
(328, 112, 1, 0, '', 'Refrigerator', 0, '', '', '0.00', '0.00', '0.00', 0, ''),
(329, 112, 1, 0, '', 'Toilet and bathroom', 0, '', '', '0.00', '0.00', '0.00', 0, ''),
(330, 112, 1, 0, '', 'Laptop', 0, '', '', '0.00', '0.00', '0.00', 0, ''),
(331, 113, 1, 0, '', 'Bed', 0, '', '', '14000.00', '0.00', '0.00', 0, ''),
(332, 113, 1, 0, '', 'Air Conditioned Unit(ACU)', 0, '', '', '1500.00', '0.00', '0.00', 0, ''),
(333, 113, 1, 0, '', 'Flat screen TV', 0, '', '', '1234.00', '0.00', '0.00', 0, ''),
(334, 113, 1, 0, '', 'Refrigerator', 0, '', '', '0.00', '0.00', '0.00', 0, ''),
(335, 113, 1, 0, '', 'Toilet and bathroom', 0, '', '', '0.00', '0.00', '0.00', 0, ''),
(336, 113, 1, 0, '', 'Laptop', 0, '', '', '0.00', '0.00', '0.00', 0, ''),
(337, 114, 2, 0, '', 'askjasdksafk', 0, '', '', '0.00', '0.00', '0.00', 0, ''),
(338, 115, 2, 0, '', 'askjasdksafk', 0, '', '', '0.00', '0.00', '0.00', 0, ''),
(339, 116, 1, 0, '', 'Bed', 0, '', '', '300.00', '0.00', '0.00', 0, ''),
(340, 116, 1, 0, '', 'Table and Chairs', 0, '', '', '500.00', '0.00', '0.00', 0, ''),
(341, 116, 1, 0, '', 'Laptop', 0, '', '', '0.00', '0.00', '0.00', 0, ''),
(342, 116, 1, 0, '', 'Electric fan', 0, '', '', '200.00', '0.00', '0.00', 0, ''),
(343, 117, 1, 0, '', 'Bed', 0, '', '', '300.00', '0.00', '0.00', 0, ''),
(344, 117, 1, 0, '', 'Table and Chairs', 0, '', '', '500.00', '0.00', '0.00', 0, ''),
(345, 117, 1, 0, '', 'Laptop', 0, '', '', '0.00', '0.00', '0.00', 0, ''),
(346, 117, 1, 0, '', 'Electric fan', 0, '', '', '200.00', '0.00', '0.00', 0, ''),
(347, 118, 1, 0, '', 'Bed', 0, '', '', '300.00', '0.00', '0.00', 0, ''),
(348, 118, 1, 0, '', 'Table and Chairs', 0, '', '', '500.00', '0.00', '0.00', 0, ''),
(349, 118, 1, 0, '', 'Laptop', 0, '', '', '0.00', '0.00', '0.00', 0, ''),
(350, 118, 1, 0, '', 'Electric fan', 0, '', '', '200.00', '0.00', '0.00', 0, ''),
(351, 119, 1, 0, '', 'Bed', 0, '', '', '300.00', '0.00', '0.00', 0, ''),
(352, 119, 1, 0, '', 'Table and Chairs', 0, '', '', '500.00', '0.00', '0.00', 0, ''),
(353, 119, 1, 0, '', 'Laptop', 0, '', '', '0.00', '0.00', '0.00', 0, ''),
(354, 119, 1, 0, '', 'Electric fan', 0, '', '', '200.00', '0.00', '0.00', 0, ''),
(355, 120, 1, 0, '', 'Bed', 0, '', '', '300.00', '0.00', '0.00', 0, ''),
(356, 120, 1, 0, '', 'Table and Chairs', 0, '', '', '500.00', '0.00', '0.00', 0, ''),
(357, 120, 1, 0, '', 'Laptop', 0, '', '', '0.00', '0.00', '0.00', 0, ''),
(358, 120, 1, 0, '', 'Electric fan', 0, '', '', '200.00', '0.00', '0.00', 0, ''),
(359, 121, 1, 0, '', 'Bed', 0, '', '', '300.00', '0.00', '0.00', 0, ''),
(360, 121, 1, 0, '', 'Table and Chairs', 0, '', '', '500.00', '0.00', '0.00', 0, ''),
(361, 121, 1, 0, '', 'Laptop', 0, '', '', '0.00', '0.00', '0.00', 0, ''),
(362, 121, 1, 0, '', 'Electric fan', 0, '', '', '200.00', '0.00', '0.00', 0, ''),
(363, 122, 1, 0, '', 'Bed', 0, '', '', '300.00', '0.00', '0.00', 0, ''),
(364, 122, 1, 0, '', 'Table and Chairs', 0, '', '', '500.00', '0.00', '0.00', 0, ''),
(365, 122, 1, 0, '', 'Laptop', 0, '', '', '0.00', '0.00', '0.00', 0, ''),
(366, 122, 1, 0, '', 'Electric fan', 0, '', '', '200.00', '0.00', '0.00', 0, ''),
(367, 123, 1, 0, '', 'Bed', 0, '', '', '300.00', '0.00', '0.00', 0, ''),
(368, 123, 1, 0, '', 'Table and Chairs', 0, '', '', '500.00', '0.00', '0.00', 0, ''),
(369, 123, 1, 0, '', 'Laptop', 0, '', '', '0.00', '0.00', '0.00', 0, ''),
(370, 123, 1, 0, '', 'Electric fan', 0, '', '', '200.00', '0.00', '0.00', 0, ''),
(371, 124, 1, 0, '', 'Bed', 0, '', '', '300.00', '0.00', '0.00', 0, ''),
(372, 124, 1, 0, '', 'Table and Chairs', 0, '', '', '500.00', '0.00', '0.00', 0, ''),
(373, 124, 1, 0, '', 'Laptop', 0, '', '', '0.00', '0.00', '0.00', 0, ''),
(374, 124, 1, 0, '', 'Electric fan', 0, '', '', '200.00', '0.00', '0.00', 0, ''),
(375, 125, 1, 0, '', 'Bed', 0, '', '', '300.00', '0.00', '0.00', 0, ''),
(376, 125, 1, 0, '', 'Table and Chairs', 0, '', '', '500.00', '0.00', '0.00', 0, ''),
(377, 125, 1, 0, '', 'Laptop', 0, '', '', '0.00', '0.00', '0.00', 0, ''),
(378, 125, 1, 0, '', 'Electric fan', 0, '', '', '200.00', '0.00', '0.00', 0, ''),
(379, 126, 1, 0, '', 'Bed', 0, '', '', '300.00', '0.00', '0.00', 0, ''),
(380, 126, 1, 0, '', 'Table and Chairs', 0, '', '', '500.00', '0.00', '0.00', 0, ''),
(381, 126, 1, 0, '', 'Laptop', 0, '', '', '0.00', '0.00', '0.00', 0, ''),
(382, 126, 1, 0, '', 'Electric fan', 0, '', '', '200.00', '0.00', '0.00', 0, ''),
(383, 127, 1, 0, '', 'Bed', 0, '', '', '300.00', '0.00', '0.00', 0, ''),
(384, 127, 1, 0, '', 'Table and Chairs', 0, '', '', '500.00', '0.00', '0.00', 0, ''),
(385, 127, 1, 0, '', 'Laptop', 0, '', '', '0.00', '0.00', '0.00', 0, ''),
(386, 127, 1, 0, '', 'Electric fan', 0, '', '', '200.00', '0.00', '0.00', 0, ''),
(387, 128, 1, 0, '', 'Bed', 0, '', '', '300.00', '0.00', '0.00', 0, ''),
(388, 128, 1, 0, '', 'Table and Chairs', 0, '', '', '500.00', '0.00', '0.00', 0, ''),
(389, 128, 1, 0, '', 'Laptop', 0, '', '', '0.00', '0.00', '0.00', 0, ''),
(390, 128, 1, 0, '', 'Electric fan', 0, '', '', '200.00', '0.00', '0.00', 0, ''),
(391, 129, 1, 0, '', 'Bed', 0, '', '', '300.00', '0.00', '0.00', 0, ''),
(392, 129, 1, 0, '', 'Table and Chairs', 0, '', '', '500.00', '0.00', '0.00', 0, ''),
(393, 129, 1, 0, '', 'Laptop', 0, '', '', '0.00', '0.00', '0.00', 0, ''),
(394, 129, 1, 0, '', 'Electric fan', 0, '', '', '200.00', '0.00', '0.00', 0, ''),
(395, 130, 1, 0, '', 'Bed', 0, '', '', '300.00', '0.00', '0.00', 0, ''),
(396, 130, 1, 0, '', 'Table and Chairs', 0, '', '', '500.00', '0.00', '0.00', 0, ''),
(397, 130, 1, 0, '', 'Laptop', 0, '', '', '0.00', '0.00', '0.00', 0, ''),
(398, 130, 1, 0, '', 'Electric fan', 0, '', '', '200.00', '0.00', '0.00', 0, ''),
(399, 131, 1, 0, '', 'Bed', 0, '', '', '300.00', '0.00', '0.00', 0, ''),
(400, 131, 1, 0, '', 'Table and Chairs', 0, '', '', '500.00', '0.00', '0.00', 0, ''),
(401, 131, 1, 0, '', 'Laptop', 0, '', '', '0.00', '0.00', '0.00', 0, ''),
(402, 131, 1, 0, '', 'Electric fan', 0, '', '', '200.00', '0.00', '0.00', 0, ''),
(403, 132, 1, 0, '', 'Bed', 0, '', '', '300.00', '0.00', '0.00', 0, ''),
(404, 132, 1, 0, '', 'Table and Chairs', 0, '', '', '500.00', '0.00', '0.00', 0, ''),
(405, 132, 1, 0, '', 'Laptop', 0, '', '', '0.00', '0.00', '0.00', 0, ''),
(406, 132, 1, 0, '', 'Electric fan', 0, '', '', '200.00', '0.00', '0.00', 0, ''),
(407, 133, 1, 0, '', 'Bed', 0, '', '', '300.00', '0.00', '0.00', 0, ''),
(408, 133, 1, 0, '', 'Table and Chairs', 0, '', '', '500.00', '0.00', '0.00', 0, ''),
(409, 133, 1, 0, '', 'Laptop', 0, '', '', '0.00', '0.00', '0.00', 0, ''),
(410, 133, 1, 0, '', 'Electric fan', 0, '', '', '200.00', '0.00', '0.00', 0, ''),
(411, 134, 1, 0, '', 'Bed', 0, '', '', '300.00', '0.00', '0.00', 0, ''),
(412, 134, 1, 0, '', 'Table and Chairs', 0, '', '', '500.00', '0.00', '0.00', 0, ''),
(413, 134, 1, 0, '', 'Laptop', 0, '', '', '0.00', '0.00', '0.00', 0, ''),
(414, 134, 1, 0, '', 'Electric fan', 0, '', '', '200.00', '0.00', '0.00', 0, ''),
(415, 135, 1, 0, '', 'Bed', 0, '', '', '300.00', '0.00', '0.00', 0, ''),
(416, 135, 1, 0, '', 'Table and Chairs', 0, '', '', '500.00', '0.00', '0.00', 0, ''),
(417, 135, 1, 0, '', 'Laptop', 0, '', '', '0.00', '0.00', '0.00', 0, ''),
(418, 135, 1, 0, '', 'Electric fan', 0, '', '', '200.00', '0.00', '0.00', 0, ''),
(419, 136, 1, 0, '', 'Bed', 0, '', '', '300.00', '0.00', '0.00', 0, ''),
(420, 136, 1, 0, '', 'Table and Chairs', 0, '', '', '500.00', '0.00', '0.00', 0, ''),
(421, 136, 1, 0, '', 'Laptop', 0, '', '', '0.00', '0.00', '0.00', 0, ''),
(422, 136, 1, 0, '', 'Electric fan', 0, '', '', '200.00', '0.00', '0.00', 0, ''),
(423, 137, 1, 0, '', 'Bed', 0, '', '', '300.00', '0.00', '0.00', 0, ''),
(424, 137, 1, 0, '', 'Table and Chairs', 0, '', '', '500.00', '0.00', '0.00', 0, ''),
(425, 137, 1, 0, '', 'Laptop', 0, '', '', '0.00', '0.00', '0.00', 0, ''),
(426, 137, 1, 0, '', 'Electric fan', 0, '', '', '200.00', '0.00', '0.00', 0, ''),
(427, 138, 1, 0, '', 'Bed', 0, '', '', '300.00', '0.00', '0.00', 0, ''),
(428, 138, 1, 0, '', 'Table and Chairs', 0, '', '', '500.00', '0.00', '0.00', 0, ''),
(429, 138, 1, 0, '', 'Laptop', 0, '', '', '0.00', '0.00', '0.00', 0, ''),
(430, 138, 1, 0, '', 'Electric fan', 0, '', '', '200.00', '0.00', '0.00', 0, ''),
(431, 139, 1, 0, '', 'Bed', 0, '', '', '300.00', '0.00', '0.00', 0, ''),
(432, 139, 1, 0, '', 'Table and Chairs', 0, '', '', '500.00', '0.00', '0.00', 0, ''),
(433, 139, 1, 0, '', 'Laptop', 0, '', '', '0.00', '0.00', '0.00', 0, ''),
(434, 139, 1, 0, '', 'Electric fan', 0, '', '', '200.00', '0.00', '0.00', 0, ''),
(435, 140, 1, 0, '', 'Bed', 0, '', '', '300.00', '0.00', '0.00', 0, ''),
(436, 140, 1, 0, '', 'Table and Chairs', 0, '', '', '500.00', '0.00', '0.00', 0, ''),
(437, 140, 1, 0, '', 'Laptop', 0, '', '', '0.00', '0.00', '0.00', 0, ''),
(438, 140, 1, 0, '', 'Electric fan', 0, '', '', '200.00', '0.00', '0.00', 0, ''),
(439, 141, 1, 0, '', 'Bed', 0, '', '', '300.00', '0.00', '0.00', 0, ''),
(440, 141, 1, 0, '', 'Table and Chairs', 0, '', '', '500.00', '0.00', '0.00', 0, ''),
(441, 141, 1, 0, '', 'Laptop', 0, '', '', '0.00', '0.00', '0.00', 0, ''),
(442, 141, 1, 0, '', 'Electric fan', 0, '', '', '200.00', '0.00', '0.00', 0, ''),
(443, 142, 1, 0, '', 'Bed', 0, '', '', '300.00', '0.00', '0.00', 0, ''),
(444, 142, 1, 0, '', 'Table and Chairs', 0, '', '', '500.00', '0.00', '0.00', 0, ''),
(445, 142, 1, 0, '', 'Laptop', 0, '', '', '0.00', '0.00', '0.00', 0, ''),
(446, 142, 1, 0, '', 'Electric fan', 0, '', '', '200.00', '0.00', '0.00', 0, ''),
(447, 144, 1, 0, '', 'Bed', 0, '', '', '300.00', '0.00', '0.00', 0, ''),
(448, 144, 1, 0, '', 'Table and Chairs', 0, '', '', '500.00', '0.00', '0.00', 0, ''),
(449, 144, 1, 0, '', 'Laptop', 0, '', '', '0.00', '0.00', '0.00', 0, ''),
(450, 144, 1, 0, '', 'Electric fan', 0, '', '', '200.00', '0.00', '0.00', 0, ''),
(451, 147, 1, 0, '', 'Bed', 0, '', '', '300.00', '0.00', '0.00', 0, ''),
(452, 147, 1, 0, '', 'Table and Chairs', 0, '', '', '500.00', '0.00', '0.00', 0, ''),
(453, 147, 1, 0, '', 'Laptop', 0, '', '', '0.00', '0.00', '0.00', 0, ''),
(454, 147, 1, 0, '', 'Electric fan', 0, '', '', '200.00', '0.00', '0.00', 0, ''),
(455, 149, 1, 0, '', 'Bed', 0, '', '', '300.00', '0.00', '0.00', 0, ''),
(456, 149, 1, 0, '', 'Table and Chairs', 0, '', '', '500.00', '0.00', '0.00', 0, ''),
(457, 149, 1, 0, '', 'Laptop', 0, '', '', '0.00', '0.00', '0.00', 0, ''),
(458, 149, 1, 0, '', 'Electric fan', 0, '', '', '200.00', '0.00', '0.00', 0, ''),
(459, 150, 1, 0, '', 'Bed', 0, '', '', '300.00', '0.00', '0.00', 0, ''),
(460, 150, 1, 0, '', 'Table and Chairs', 0, '', '', '500.00', '0.00', '0.00', 0, ''),
(461, 150, 1, 0, '', 'Laptop', 0, '', '', '0.00', '0.00', '0.00', 0, ''),
(462, 150, 1, 0, '', 'Electric fan', 0, '', '', '200.00', '0.00', '0.00', 0, ''),
(463, 153, 1, 0, '', 'Bed', 0, '', '', '300.00', '0.00', '0.00', 0, ''),
(464, 153, 1, 0, '', 'Table and Chairs', 0, '', '', '500.00', '0.00', '0.00', 0, ''),
(465, 153, 1, 0, '', 'Laptop', 0, '', '', '0.00', '0.00', '0.00', 0, ''),
(466, 153, 1, 0, '', 'Electric fan', 0, '', '', '200.00', '0.00', '0.00', 0, ''),
(467, 154, 1, 0, '', 'Bed', 0, '', '', '300.00', '0.00', '0.00', 0, ''),
(468, 154, 1, 0, '', 'Table and Chairs', 0, '', '', '500.00', '0.00', '0.00', 0, ''),
(469, 154, 1, 0, '', 'Laptop', 0, '', '', '0.00', '0.00', '0.00', 0, ''),
(470, 154, 1, 0, '', 'Electric fan', 0, '', '', '200.00', '0.00', '0.00', 0, ''),
(471, 157, 1, 0, '', 'Bed', 0, '', '', '300.00', '0.00', '0.00', 0, ''),
(472, 157, 1, 0, '', 'Table and Chairs', 0, '', '', '500.00', '0.00', '0.00', 0, ''),
(473, 157, 1, 0, '', 'Laptop', 0, '', '', '0.00', '0.00', '0.00', 0, ''),
(474, 157, 1, 0, '', 'Electric fan', 0, '', '', '200.00', '0.00', '0.00', 0, ''),
(475, 158, 1, 0, '', 'Bed', 0, '', '', '300.00', '0.00', '0.00', 0, ''),
(476, 158, 1, 0, '', 'Table and Chairs', 0, '', '', '500.00', '0.00', '0.00', 0, ''),
(477, 158, 1, 0, '', 'Laptop', 0, '', '', '0.00', '0.00', '0.00', 0, ''),
(478, 158, 1, 0, '', 'Electric fan', 0, '', '', '200.00', '0.00', '0.00', 0, ''),
(479, 160, 1, 0, '', 'Bed', 0, '', '', '300.00', '0.00', '0.00', 0, ''),
(480, 160, 1, 0, '', 'Table and Chairs', 0, '', '', '500.00', '0.00', '0.00', 0, ''),
(481, 160, 1, 0, '', 'Laptop', 0, '', '', '0.00', '0.00', '0.00', 0, ''),
(482, 160, 1, 0, '', 'Electric fan', 0, '', '', '200.00', '0.00', '0.00', 0, ''),
(483, 161, 1, 0, '', 'Bed', 0, '', '', '300.00', '0.00', '0.00', 0, ''),
(484, 161, 1, 0, '', 'Table and Chairs', 0, '', '', '500.00', '0.00', '0.00', 0, ''),
(485, 161, 1, 0, '', 'Laptop', 0, '', '', '0.00', '0.00', '0.00', 0, ''),
(486, 161, 1, 0, '', 'Electric fan', 0, '', '', '200.00', '0.00', '0.00', 0, ''),
(487, 162, 1, 0, '', 'Bed', 0, '', '', '300.00', '0.00', '0.00', 0, ''),
(488, 162, 1, 0, '', 'Table and Chairs', 0, '', '', '500.00', '0.00', '0.00', 0, ''),
(489, 162, 1, 0, '', 'Laptop', 0, '', '', '0.00', '0.00', '0.00', 0, ''),
(490, 162, 1, 0, '', 'Electric fan', 0, '', '', '200.00', '0.00', '0.00', 0, ''),
(491, 164, 1, 0, '', 'Bed', 0, '', '', '300.00', '0.00', '0.00', 0, ''),
(492, 164, 1, 0, '', 'Table and Chairs', 0, '', '', '500.00', '0.00', '0.00', 0, ''),
(493, 164, 1, 0, '', 'Laptop', 0, '', '', '0.00', '0.00', '0.00', 0, ''),
(494, 164, 1, 0, '', 'Electric fan', 0, '', '', '200.00', '0.00', '0.00', 0, ''),
(495, 165, 1, 0, '', 'Bed', 0, '', '', '250.00', '0.00', '0.00', 0, ''),
(496, 165, 1, 0, '', 'Table and Chairs', 0, '', '', '500.00', '0.00', '0.00', 0, ''),
(497, 165, 1, 0, '', 'Laptop', 0, '', '', '0.00', '0.00', '0.00', 0, ''),
(498, 165, 1, 0, '', 'Electric fan', 0, '', '', '200.00', '0.00', '0.00', 0, ''),
(499, 166, 1, 0, '', 'Bed', 0, '', '', '250.00', '0.00', '0.00', 0, ''),
(500, 166, 1, 0, '', 'Table and Chairs', 0, '', '', '500.00', '0.00', '0.00', 0, ''),
(501, 166, 1, 0, '', 'Laptop', 0, '', '', '0.00', '0.00', '0.00', 0, ''),
(502, 166, 1, 0, '', 'Electric fan', 0, '', '', '200.00', '0.00', '0.00', 0, ''),
(503, 167, 1, 0, '', 'Bed', 0, '', '', '250.00', '0.00', '0.00', 0, ''),
(504, 167, 1, 0, '', 'Table and Chairs', 0, '', '', '500.00', '0.00', '0.00', 0, ''),
(505, 167, 1, 0, '', 'Laptop', 0, '', '', '0.00', '0.00', '0.00', 0, ''),
(506, 167, 1, 0, '', 'Electric fan', 0, '', '', '200.00', '0.00', '0.00', 0, ''),
(507, 168, 1, 0, '', 'Table and Chairs', 0, '', '', '500.00', '0.00', '0.00', 0, ''),
(508, 168, 1, 0, '', 'Laptop', 0, '', '', '0.00', '0.00', '0.00', 0, ''),
(509, 168, 1, 0, '', 'Electric fan', 1, '', '', '200.00', '0.00', '0.00', 0, ''),
(510, 169, 1, 0, '', 'Table and Chairs', 0, '', '', '500.00', '0.00', '0.00', 0, ''),
(511, 169, 1, 0, '', 'Laptop', 0, '', '', '0.00', '0.00', '0.00', 0, ''),
(512, 169, 1, 0, '', 'Electric fan', 1, '', '', '200.00', '0.00', '0.00', 0, ''),
(513, 170, 1, 0, '', 'Table and Chairs', 0, '', '', '500.00', '0.00', '0.00', 0, ''),
(514, 170, 1, 0, '', 'Laptop', 0, '', '', '0.00', '0.00', '0.00', 0, ''),
(515, 170, 1, 0, '', 'Electric fan', 1, '', '', '200.00', '0.00', '0.00', 0, ''),
(516, 171, 1, 0, '', 'Table and Chairs', 0, '', '', '500.00', '0.00', '0.00', 0, ''),
(517, 171, 1, 0, '', 'Laptop', 0, '', '', '0.00', '0.00', '0.00', 0, ''),
(518, 171, 1, 0, '', 'Electric fan', 1, '', '', '200.00', '0.00', '0.00', 0, ''),
(519, 172, 1, 0, '', 'Table and Chairs', 0, '', '', '500.00', '0.00', '0.00', 0, ''),
(520, 172, 1, 0, '', 'Laptop', 0, '', '', '0.00', '0.00', '0.00', 0, ''),
(521, 172, 1, 0, '', 'Electric fan', 1, '', '', '200.00', '0.00', '0.00', 0, ''),
(522, 173, 1, 0, '', 'Table and Chairs', 0, '', '', '500.00', '0.00', '0.00', 0, ''),
(523, 173, 1, 0, '', 'Laptop', 0, '', '', '0.00', '0.00', '0.00', 0, ''),
(524, 173, 1, 0, '', 'Electric fan', 1, '', '', '200.00', '0.00', '0.00', 0, ''),
(525, 174, 1, 0, '', 'Table and Chairs', 0, '', '', '500.00', '0.00', '0.00', 0, ''),
(526, 174, 1, 0, '', 'Laptop', 0, '', '', '0.00', '0.00', '0.00', 0, ''),
(527, 174, 1, 0, '', 'Electric fan', 1, '', '', '200.00', '0.00', '0.00', 0, ''),
(528, 175, 1, 0, '', 'Table and Chairs', 0, '', '', '500.00', '0.00', '0.00', 0, ''),
(529, 175, 1, 0, '', 'Laptop', 0, '', '', '0.00', '0.00', '0.00', 0, ''),
(530, 175, 1, 0, '', 'Electric fan', 1, '', '', '200.00', '0.00', '0.00', 0, ''),
(531, 176, 1, 0, '', 'Table and Chairs', 0, '', '', '500.00', '0.00', '0.00', 0, ''),
(532, 176, 1, 0, '', 'Laptop', 0, '', '', '0.00', '0.00', '0.00', 0, ''),
(533, 176, 1, 0, '', 'Electric fan', 1, '', '', '200.00', '0.00', '0.00', 0, ''),
(534, 177, 1, 0, '', 'Table and Chairs', 0, '', '', '500.00', '0.00', '0.00', 0, ''),
(535, 177, 1, 0, '', 'Laptop', 0, '', '', '0.00', '0.00', '0.00', 0, ''),
(536, 177, 1, 0, '', 'Electric fan', 1, '', '', '200.00', '0.00', '0.00', 0, ''),
(537, 178, 1, 0, '', 'Table and Chairs', 0, '', '', '500.00', '0.00', '0.00', 0, ''),
(538, 178, 1, 0, '', 'Laptop', 0, '', '', '0.00', '0.00', '0.00', 0, ''),
(539, 178, 1, 0, '', 'Electric fan', 1, '', '', '200.00', '0.00', '0.00', 0, ''),
(540, 179, 1, 0, '', 'Table and Chairs', 1, '', '', '500.00', '0.00', '0.00', 0, ''),
(541, 179, 1, 0, '', 'Laptop', 0, '', '', '0.00', '0.00', '0.00', 0, ''),
(542, 179, 1, 0, '', 'Electric fan', 0, '', '', '200.00', '0.00', '0.00', 0, ''),
(543, 180, 1, 0, '', 'Table and Chairs', 1, '', '', '500.00', '0.00', '0.00', 0, ''),
(544, 180, 1, 0, '', 'Laptop', 0, '', '', '0.00', '0.00', '0.00', 0, ''),
(545, 180, 1, 0, '', 'Electric fan', 0, '', '', '200.00', '0.00', '0.00', 0, ''),
(546, 181, 1, 0, '', 'Table and Chairs', 1, '', '', '500.00', '0.00', '0.00', 0, ''),
(547, 181, 1, 0, '', 'Laptop', 0, '', '', '0.00', '0.00', '0.00', 0, ''),
(548, 181, 1, 0, '', 'Electric fan', 0, '', '', '200.00', '0.00', '0.00', 0, ''),
(549, 182, 1, 0, '', 'Table and Chairs', 0, '', '', '500.00', '0.00', '0.00', 0, ''),
(550, 182, 1, 0, '', 'Laptop', 0, '', '', '0.00', '0.00', '0.00', 0, ''),
(551, 182, 1, 0, '', 'Electric fan', 1, '', '', '200.00', '0.00', '0.00', 0, ''),
(552, 183, 1, 0, '', 'Table and Chairs', 0, '', '', '500.00', '0.00', '0.00', 0, ''),
(553, 183, 1, 0, '', 'Laptop', 0, '', '', '0.00', '0.00', '0.00', 0, ''),
(554, 183, 1, 0, '', 'Electric fan', 0, '', '', '200.00', '0.00', '0.00', 0, ''),
(555, 184, 1, 0, '', 'Table and Chairs', 0, '', '', '500.00', '0.00', '0.00', 0, ''),
(556, 184, 1, 0, '', 'Laptop', 0, '', '', '0.00', '0.00', '0.00', 0, ''),
(557, 184, 1, 0, '', 'Electric fan', 0, '', '', '200.00', '0.00', '0.00', 0, ''),
(558, 186, 1, 0, '', 'Table and Chairs', 0, '', '', '500.00', '0.00', '0.00', 0, ''),
(559, 186, 1, 0, '', 'Laptop', 0, '', '', '0.00', '0.00', '0.00', 0, ''),
(560, 186, 1, 0, '', 'Electric fan', 1, '', '', '200.00', '0.00', '0.00', 0, ''),
(561, 189, 1, 0, '', 'Table and Chairs', 0, '', '', '500.00', '0.00', '0.00', 0, ''),
(562, 189, 1, 0, '', 'Laptop', 0, '', '', '0.00', '0.00', '0.00', 0, ''),
(563, 189, 1, 0, '', 'Electric fan', 1, '', '', '200.00', '0.00', '0.00', 0, ''),
(564, 190, 1, 0, '', 'Table and Chairs', 0, '', '', '500.00', '0.00', '0.00', 0, ''),
(565, 190, 1, 0, '', 'Laptop', 0, '', '', '0.00', '0.00', '0.00', 0, ''),
(566, 190, 1, 0, '', 'Electric fan', 0, '', '', '200.00', '0.00', '0.00', 0, ''),
(567, 191, 1, 0, '', 'Table and Chairs', 0, '', '', '500.00', '0.00', '0.00', 0, ''),
(568, 191, 1, 0, '', 'Laptop', 0, '', '', '0.00', '0.00', '0.00', 0, ''),
(569, 191, 1, 0, '', 'Electric fan', 0, '', '', '200.00', '0.00', '0.00', 0, ''),
(570, 192, 1, 0, '', 'Table and Chairs', 0, '', '', '500.00', '0.00', '0.00', 0, ''),
(571, 192, 1, 0, '', 'Laptop', 0, '', '', '0.00', '0.00', '0.00', 0, ''),
(572, 192, 1, 0, '', 'Electric fan', 0, '', '', '200.00', '0.00', '0.00', 0, ''),
(573, 193, 1, 0, '', 'Table and Chairs', 0, '', '', '500.00', '0.00', '0.00', 0, ''),
(574, 193, 1, 0, '', 'Laptop', 0, '', '', '0.00', '0.00', '0.00', 0, ''),
(575, 193, 1, 0, '', 'Electric fan', 0, '', '', '200.00', '0.00', '0.00', 0, ''),
(576, 194, 1, 0, '', 'Table and Chairs', 0, '', '', '500.00', '0.00', '0.00', 0, ''),
(577, 194, 1, 0, '', 'Laptop', 0, '', '', '0.00', '0.00', '0.00', 0, ''),
(578, 194, 1, 0, '', 'Electric fan', 0, '', '', '200.00', '0.00', '0.00', 0, ''),
(579, 195, 1, 0, '', 'Table and Chairs', 0, '', '', '500.00', '0.00', '0.00', 0, ''),
(580, 195, 1, 0, '', 'Laptop', 0, '', '', '0.00', '0.00', '0.00', 0, ''),
(581, 195, 1, 0, '', 'Electric fan', 0, '', '', '200.00', '0.00', '0.00', 0, ''),
(582, 196, 1, 0, '', 'Table and Chairs', 0, '', '', '500.00', '0.00', '0.00', 0, ''),
(583, 196, 1, 0, '', 'Laptop', 0, '', '', '0.00', '0.00', '0.00', 0, ''),
(584, 196, 1, 0, '', 'Electric fan', 0, '', '', '200.00', '0.00', '0.00', 0, ''),
(585, 197, 1, 0, '', 'Table and Chairs', 0, '', '', '500.00', '0.00', '0.00', 0, ''),
(586, 197, 1, 0, '', 'Laptop', 0, '', '', '0.00', '0.00', '0.00', 0, ''),
(587, 197, 1, 0, '', 'Electric fan', 0, '', '', '200.00', '0.00', '0.00', 0, ''),
(588, 198, 1, 0, '', 'Table and Chairs', 0, '', '', '500.00', '0.00', '0.00', 0, ''),
(589, 198, 1, 0, '', 'Laptop', 0, '', '', '0.00', '0.00', '0.00', 0, ''),
(590, 198, 1, 0, '', 'Electric fan', 0, '', '', '200.00', '0.00', '0.00', 0, ''),
(591, 199, 1, 0, '', 'Table and Chairs', 0, '', '', '500.00', '0.00', '0.00', 0, ''),
(592, 199, 1, 0, '', 'Laptop', 0, '', '', '0.00', '0.00', '0.00', 0, ''),
(593, 199, 1, 0, '', 'Electric fan', 0, '', '', '200.00', '0.00', '0.00', 0, ''),
(594, 200, 1, 0, '', 'Table and Chairs', 0, '', '', '500.00', '0.00', '0.00', 0, ''),
(595, 200, 1, 0, '', 'Laptop', 0, '', '', '0.00', '0.00', '0.00', 0, ''),
(596, 200, 1, 0, '', 'Electric fan', 0, '', '', '200.00', '0.00', '0.00', 0, ''),
(597, 201, 1, 0, '', 'Table and Chairs', 0, '', '', '500.00', '0.00', '0.00', 0, ''),
(598, 201, 1, 0, '', 'Laptop', 0, '', '', '0.00', '0.00', '0.00', 0, ''),
(599, 201, 1, 0, '', 'Electric fan', 0, '', '', '200.00', '0.00', '0.00', 0, ''),
(600, 202, 1, 0, '', 'Table and Chairs', 0, '', '', '500.00', '0.00', '0.00', 0, ''),
(601, 202, 1, 0, '', 'Laptop', 0, '', '', '0.00', '0.00', '0.00', 0, ''),
(602, 202, 1, 0, '', 'Electric fan', 0, '', '', '200.00', '0.00', '0.00', 0, ''),
(603, 203, 1, 0, '', 'Table and Chairs', 0, '', '', '500.00', '0.00', '0.00', 0, ''),
(604, 203, 1, 0, '', 'Laptop', 0, '', '', '0.00', '0.00', '0.00', 0, ''),
(605, 203, 1, 0, '', 'Electric fan', 0, '', '', '200.00', '0.00', '0.00', 0, ''),
(606, 204, 1, 0, '', 'Table and Chairs', 0, '', '', '500.00', '0.00', '0.00', 0, ''),
(607, 204, 1, 0, '', 'Laptop', 0, '', '', '0.00', '0.00', '0.00', 0, ''),
(608, 204, 1, 0, '', 'Electric fan', 0, '', '', '200.00', '0.00', '0.00', 0, ''),
(609, 205, 1, 0, '', 'Table and Chairs', 0, '', '', '500.00', '0.00', '0.00', 0, ''),
(610, 205, 1, 0, '', 'Laptop', 0, '', '', '0.00', '0.00', '0.00', 0, ''),
(611, 205, 1, 0, '', 'Electric fan', 0, '', '', '200.00', '0.00', '0.00', 0, ''),
(612, 206, 1, 0, '', 'Table and Chairs', 0, '', '', '500.00', '0.00', '0.00', 0, ''),
(613, 206, 1, 0, '', 'Laptop', 0, '', '', '0.00', '0.00', '0.00', 0, ''),
(614, 206, 1, 0, '', 'Electric fan', 0, '', '', '200.00', '0.00', '0.00', 0, ''),
(615, 207, 1, 0, '', 'Table and Chairs', 0, '', '', '500.00', '0.00', '0.00', 0, ''),
(616, 207, 1, 0, '', 'Laptop', 0, '', '', '0.00', '0.00', '0.00', 0, ''),
(617, 207, 1, 0, '', 'Electric fan', 0, '', '', '200.00', '0.00', '0.00', 0, ''),
(618, 208, 1, 0, '', 'Table and Chairs', 0, '', '', '500.00', '0.00', '0.00', 0, ''),
(619, 208, 1, 0, '', 'Laptop', 0, '', '', '0.00', '0.00', '0.00', 0, ''),
(620, 208, 1, 0, '', 'Electric fan', 0, '', '', '200.00', '0.00', '0.00', 0, ''),
(621, 209, 1, 0, '', 'Table and Chairs', 0, '', '', '500.00', '0.00', '0.00', 0, ''),
(622, 209, 1, 0, '', 'Laptop', 0, '', '', '0.00', '0.00', '0.00', 0, ''),
(623, 209, 1, 0, '', 'Electric fan', 0, '', '', '200.00', '0.00', '0.00', 0, ''),
(624, 210, 1, 0, '', 'Table and Chairs', 0, '', '', '500.00', '0.00', '0.00', 0, ''),
(625, 210, 1, 0, '', 'Laptop', 0, '', '', '0.00', '0.00', '0.00', 0, ''),
(626, 210, 1, 0, '', 'Electric fan', 0, '', '', '200.00', '0.00', '0.00', 0, ''),
(627, 211, 1, 0, '', 'Table and Chairs', 0, '', '', '500.00', '0.00', '0.00', 0, ''),
(628, 211, 1, 0, '', 'Laptop', 0, '', '', '0.00', '0.00', '0.00', 0, ''),
(629, 211, 1, 0, '', 'Electric fan', 0, '', '', '200.00', '0.00', '0.00', 0, ''),
(630, 212, 1, 0, '', 'Table and Chairs', 0, '', '', '500.00', '0.00', '0.00', 0, ''),
(631, 212, 1, 0, '', 'Laptop', 0, '', '', '0.00', '0.00', '0.00', 0, ''),
(632, 212, 1, 0, '', 'Electric fan', 0, '', '', '200.00', '0.00', '0.00', 0, ''),
(633, 213, 1, 0, '', 'Table and Chairs', 0, '', '', '500.00', '0.00', '0.00', 0, ''),
(634, 213, 1, 0, '', 'Laptop', 0, '', '', '0.00', '0.00', '0.00', 0, ''),
(635, 213, 1, 0, '', 'Electric fan', 0, '', '', '200.00', '0.00', '0.00', 0, ''),
(636, 214, 1, 0, '', 'Table and Chairs', 0, '', '', '500.00', '0.00', '0.00', 0, ''),
(637, 214, 1, 0, '', 'Laptop', 0, '', '', '0.00', '0.00', '0.00', 0, ''),
(638, 214, 1, 0, '', 'Electric fan', 0, '', '', '200.00', '0.00', '0.00', 0, ''),
(639, 215, 1, 0, '', 'Table and Chairs', 0, '', '', '500.00', '0.00', '0.00', 0, ''),
(640, 215, 1, 0, '', 'Laptop', 0, '', '', '0.00', '0.00', '0.00', 0, ''),
(641, 215, 1, 0, '', 'Electric fan', 0, '', '', '200.00', '0.00', '0.00', 0, ''),
(642, 216, 1, 0, '', 'Table and Chairs', 0, '', '', '500.00', '0.00', '0.00', 0, ''),
(643, 216, 1, 0, '', 'Laptop', 0, '', '', '0.00', '0.00', '0.00', 0, ''),
(644, 216, 1, 0, '', 'Electric fan', 0, '', '', '200.00', '0.00', '0.00', 0, ''),
(645, 221, 1, 0, '', 'Table and Chairs', 0, '', '', '500.00', '0.00', '0.00', 0, ''),
(646, 221, 1, 0, '', 'Laptop', 0, '', '', '0.00', '0.00', '0.00', 0, ''),
(647, 221, 1, 0, '', 'Electric fan', 0, '', '', '200.00', '0.00', '0.00', 0, ''),
(648, 222, 1, 0, '', 'Table and Chairs', 0, '', '', '500.00', '0.00', '0.00', 0, '');
INSERT INTO `tbladdons` (`id`, `trxnid`, `facid`, `typeid`, `devcode`, `devname`, `pieces`, `remarks`, `status`, `price1`, `price2`, `price3`, `disc`, `image`) VALUES
(649, 222, 1, 0, '', 'Laptop', 0, '', '', '0.00', '0.00', '0.00', 0, ''),
(650, 222, 1, 0, '', 'Electric fan', 0, '', '', '200.00', '0.00', '0.00', 0, ''),
(651, 223, 1, 0, '', 'Table and Chairs', 0, '', '', '500.00', '0.00', '0.00', 0, ''),
(652, 223, 1, 0, '', 'Laptop', 0, '', '', '0.00', '0.00', '0.00', 0, ''),
(653, 223, 1, 0, '', 'Electric fan', 0, '', '', '200.00', '0.00', '0.00', 0, '');

-- --------------------------------------------------------

--
-- Table structure for table `tblamenities`
--

CREATE TABLE `tblamenities` (
  `id` int(11) NOT NULL,
  `facid` int(11) NOT NULL,
  `typeid` int(11) NOT NULL,
  `devcode` varchar(50) NOT NULL,
  `devname` varchar(100) NOT NULL,
  `pieces` int(11) NOT NULL,
  `remarks` varchar(100) NOT NULL,
  `status` varchar(100) NOT NULL,
  `price1` decimal(10,2) NOT NULL,
  `price2` decimal(10,2) NOT NULL,
  `price3` decimal(10,2) NOT NULL,
  `disc` int(11) NOT NULL,
  `image` varchar(100) NOT NULL
) ENGINE=InnoDB DEFAULT CHARSET=latin1;

--
-- Dumping data for table `tblamenities`
--

INSERT INTO `tblamenities` (`id`, `facid`, `typeid`, `devcode`, `devname`, `pieces`, `remarks`, `status`, `price1`, `price2`, `price3`, `disc`, `image`) VALUES
(3, 1, 1, 'TC501', 'Table and Chairs', 1, '3 chairs and 1 table', '1', '500.00', '0.00', '0.00', 0, ''),
(7, 3, 0, '123', 'qweqw', 6, 'qweqweq', '1', '567.00', '556.00', '778.00', 100, ''),
(8, 2, 0, 'sample', 'askjasdksafk', 123, 'klajksdkasdlk', '1', '0.00', '0.00', '0.00', 0, ''),
(9, 1, 0, 'xxxx', 'Laptop', 1, 'sample', '1', '0.00', '0.00', '0.00', 0, ''),
(10, 3, 0, '123', 'asdfghjkl', 6, 'asdfghjkl', '1', '123.00', '123.00', '123.00', 100, ''),
(11, 1, 0, 'EF101', 'Electric fan', 5, '1 electric fan', '1', '200.00', '0.00', '0.00', 0, '');

-- --------------------------------------------------------

--
-- Table structure for table `tblcancel`
--

CREATE TABLE `tblcancel` (
  `username` varchar(100) NOT NULL,
  `fldcreated` date NOT NULL,
  `RegNo` varchar(100) NOT NULL,
  `fldarrival` date NOT NULL,
  `flddeparture` date NOT NULL,
  `fldnightstay` varchar(100) NOT NULL,
  `fldadult` varchar(100) NOT NULL,
  `fldchild` varchar(100) NOT NULL,
  `fldroom` varchar(100) NOT NULL,
  `fldcottagesnum` varchar(100) NOT NULL,
  `fldhut2` varchar(100) NOT NULL,
  `fldh2` varchar(100) NOT NULL,
  `fldhut3` varchar(100) NOT NULL,
  `fldh3` varchar(100) NOT NULL,
  `fldhut4` varchar(100) NOT NULL,
  `fldh4` varchar(100) NOT NULL,
  `fldhut5` varchar(100) NOT NULL,
  `fldh5` varchar(100) NOT NULL,
  `fldhutnum` varchar(100) NOT NULL,
  `fldroom2` varchar(100) NOT NULL,
  `fldnum2` varchar(100) NOT NULL,
  `fldroom4` varchar(100) NOT NULL,
  `fldnum4` varchar(100) NOT NULL,
  `fldroomtype` varchar(100) NOT NULL,
  `fldnumofroom` varchar(100) NOT NULL,
  `fldroomnum` varchar(100) NOT NULL,
  `fldstaytype` varchar(100) NOT NULL,
  `fldtotal` varchar(100) NOT NULL,
  `fldpaytype` varchar(100) NOT NULL,
  `fldfname` varchar(100) NOT NULL,
  `fldlname` varchar(100) NOT NULL,
  `fldcontact` varchar(100) NOT NULL,
  `fldpayment` varchar(100) NOT NULL,
  `fldpaymenttype` varchar(100) NOT NULL,
  `fldterm` varchar(100) NOT NULL,
  `flddownpayment` varchar(100) NOT NULL,
  `fldbalance` varchar(100) NOT NULL,
  `fldchange` varchar(100) NOT NULL,
  `status` varchar(100) NOT NULL,
  `flddate` date NOT NULL,
  `transaction_id` varchar(100) NOT NULL
) ENGINE=InnoDB DEFAULT CHARSET=latin1;

--
-- Dumping data for table `tblcancel`
--

INSERT INTO `tblcancel` (`username`, `fldcreated`, `RegNo`, `fldarrival`, `flddeparture`, `fldnightstay`, `fldadult`, `fldchild`, `fldroom`, `fldcottagesnum`, `fldhut2`, `fldh2`, `fldhut3`, `fldh3`, `fldhut4`, `fldh4`, `fldhut5`, `fldh5`, `fldhutnum`, `fldroom2`, `fldnum2`, `fldroom4`, `fldnum4`, `fldroomtype`, `fldnumofroom`, `fldroomnum`, `fldstaytype`, `fldtotal`, `fldpaytype`, `fldfname`, `fldlname`, `fldcontact`, `fldpayment`, `fldpaymenttype`, `fldterm`, `flddownpayment`, `fldbalance`, `fldchange`, `status`, `flddate`, `transaction_id`) VALUES
('', '0000-00-00', '', '2016-02-11', '2016-02-13', '', '5', '2', '', '', '', '', '', '', '', '', '', '', '', '', '', '', '', '', '', '', 'Day and Night', '', '', 'lkawd', 'ldwka', '', '', '', '', '', '', '', 'Reserved', '0000-00-00', ''),
('jd1122', '2016-02-09', '', '2016-02-11', '2016-02-13', '', '4', '', '', '', '', '', '', '', '', '', '', '', '', '', '', '', '', '', '', '', 'Day and Night', '', '', 'lkawd', 'ldwka', '', '', '', '', '', '', '', 'Reserved', '0000-00-00', ''),
('', '2016-02-09', '', '2016-02-11', '2016-02-12', '', '5', '', '', '', 'Mushroom', '1', '', '', '', '', '', '', '', '', '', '', '', '', '', '', 'Day and Night', '1800', '', 'lkawd', 'ldwka', '', '2000', '', '', '', '', '', 'Reserved', '0000-00-00', ''),
('jd1122', '2016-02-09', '2', '2016-02-11', '2016-02-13', '', '4', '', '', '', '', '', 'Mez', '1', '', '', '', '', '', '', '', '', '', '', '', '', 'Day and Night', '2540', '', 'lkawd', 'ldwka', '', '', '', '', '', '', '', 'Reserved', '0000-00-00', ''),
('jd', '2016-02-09', '1', '2016-02-11', '2016-02-13', '', '5', '2', '', '', '', '', 'Mez', '1', '', '', '', '', '', '', '', '', '', '', '', '', 'Day and Night', '3160', '', 'lkawd', 'ldwka', '', '', '', 'Full Payment', '', '', '', 'Reserved', '0000-00-00', ''),
('jd1122', '2016-02-09', '2', '2016-02-11', '2016-02-13', '', '4', '', '', '', '', '', 'Mez', '1', '', '', '', '', '', '', '', '', '', '', '', '', 'Day and Night', '2540', '', 'lkawd', 'ldwka', '', '', 'Paypal', 'Full Payment', '', '', '', 'Reserved', '0000-00-00', ''),
('', '2016-02-09', '11', '2016-02-10', '2016-02-10', '', '5', '2', '', '', '', '', '', '', '', '', 'Duplex', '1', '', '', '', '', '', '', '', '', 'Day', '2010', '', 'lkawd', 'ldwka', '', '2010', 'Cash', '', '', '', '', 'Reserved', '0000-00-00', ''),
('jd', '2016-02-09', '14', '2016-02-11', '2016-02-12', '', '5', '', 'Cabana', '1', '', '', '', '', '', '', '', '', '', '', '', '', '', '', '', '', 'Day and Night', '2100', '', 'lkawd', 'ldwka', '', '', 'Paypal', 'Downpayment', '', '', '', 'Reserved', '0000-00-00', ''),
('yeah', '2016-02-09', '4', '2016-01-18', '2016-01-21', '', '13', '', 'Mushroom', '1', '', '', '', '', '', '', '', '', '', '', '', '', '', '', '', '', 'Night', '2690', '', '', '', '', '', 'Paypal', 'Full Payment', '', '', '', 'Reserved', '0000-00-00', ''),
('', '2016-02-10', '5', '2016-02-11', '2016-02-12', '', '5', '', '', '', 'Mushroom', '1', '', '', '', '', '', '', '', '', '', '', '', '', '', '', 'Day and Night', '1700', '', '', '', '', '1700', 'Cash Deposit', 'Downpayment', '', '', '', 'Reserved', '0000-00-00', ''),
('', '2016-02-10', '2', '2016-02-11', '2016-02-12', '', '2', '', 'Cabana', '1', '', '', '', '', '', '', '', '', '', '', '', '', '', '', '', '', 'Night', '860', '', '', '', '', '860', 'Paypal', 'Downpayment', '', '', '', 'Reserved', '0000-00-00', ''),
('nina', '2016-02-10', '1', '2016-02-12', '2016-02-13', '', '5', '1', 'Cabana', '2', '', '', '', '', '', '', '', '', '', '', '', '', '', '', '', '', 'Night', '2020', '', '', '', '', '', 'Cash Deposit', 'Downpayment', '', '', '', 'Reserved', '0000-00-00', ''),
('nina', '2016-03-03', '3', '2016-02-11', '2016-02-12', '', '15', '', '', '', 'Mushroom', '1', '', '', 'La Leona Cabana', '1', '', '', '', '', '', '', '', '', '', '', 'Day and Night', '6600', '', '', '', '', '', 'Cash Deposit', 'Downpayment', '', '', '', 'Reserved', '0000-00-00', '');

-- --------------------------------------------------------

--
-- Table structure for table `tblcancelevent`
--

CREATE TABLE `tblcancelevent` (
  `username` varchar(100) NOT NULL,
  `RegNo` varchar(100) NOT NULL,
  `fldfname` varchar(100) NOT NULL,
  `fldlname` varchar(100) NOT NULL,
  `fldcontact` varchar(100) NOT NULL,
  `fldarrival` date NOT NULL,
  `fldtime` varchar(100) NOT NULL,
  `fldhour` varchar(100) NOT NULL,
  `fldhall` varchar(100) NOT NULL,
  `fldnumpax` varchar(100) NOT NULL,
  `fldcater` varchar(100) NOT NULL,
  `fldpaymenttype` varchar(100) NOT NULL,
  `fldterm` varchar(100) NOT NULL,
  `flddownpayment` varchar(100) NOT NULL,
  `fldtotal` varchar(100) NOT NULL,
  `fldpayment` varchar(100) NOT NULL,
  `fldbalance` varchar(100) NOT NULL,
  `status` varchar(100) NOT NULL,
  `flddate` date NOT NULL,
  `transaction_id` varchar(100) NOT NULL
) ENGINE=InnoDB DEFAULT CHARSET=latin1;

--
-- Dumping data for table `tblcancelevent`
--

INSERT INTO `tblcancelevent` (`username`, `RegNo`, `fldfname`, `fldlname`, `fldcontact`, `fldarrival`, `fldtime`, `fldhour`, `fldhall`, `fldnumpax`, `fldcater`, `fldpaymenttype`, `fldterm`, `flddownpayment`, `fldtotal`, `fldpayment`, `fldbalance`, `status`, `flddate`, `transaction_id`) VALUES
('admin', '102', 'lkawd', 'ldwka', '', '2016-02-05', 'AM-PM', '', 'Alfonso Pavillion', '50', 'Yes', '', '', '', '30000', '', '', 'Cancelled', '0000-00-00', ''),
('admin', '6', '', '', '', '2016-01-21', 'AM', '', 'Alfonso Pavillion', '20', 'Yes', '', '', '', '14500', '0', '', 'Cancelled', '2016-02-09', ''),
('nina', '6', 'nina', 'valle', '', '2016-02-11', 'AM', '', 'Alfonso Pavillion', '50', 'No', '', '', '', '', '0', '', 'Cancelled', '0000-00-00', ''),
('nina', '6', 'nina', 'valle', '', '2016-02-11', 'AM', '', 'Alfonso Pavillion', '50', 'No', '', '', '', '', '0', '', 'Cancelled', '0000-00-00', ''),
('nina', '6', 'nina', 'valle', '', '2016-02-11', 'AM', '', 'Alfonso Pavillion', '50', 'No', '', '', '', '', '0', '', 'Cancelled', '0000-00-00', ''),
('Kevin', '5', '', '', '', '2016-02-12', 'PM', '', 'Kristina Function Hall', '50', 'Yes', '', '', '', '30000', '0', '', 'Cancelled', '2016-03-03', ''),
('daniel', '3', '', '', '', '2016-02-11', 'PM', '', 'Kristina Function Hall', '55', 'No', '', '', '', '13000', '0', '', 'Cancelled', '2016-03-03', '');

-- --------------------------------------------------------

--
-- Table structure for table `tbldiscount`
--

CREATE TABLE `tbldiscount` (
  `fldrate30pax` decimal(65,2) NOT NULL,
  `fldrate50pax` decimal(65,2) NOT NULL,
  `fldrate100pax` decimal(65,2) NOT NULL
) ENGINE=InnoDB DEFAULT CHARSET=latin1;

--
-- Dumping data for table `tbldiscount`
--

INSERT INTO `tbldiscount` (`fldrate30pax`, `fldrate50pax`, `fldrate100pax`) VALUES
('0.90', '0.90', '0.85'),
('0.90', '0.90', '0.85');

-- --------------------------------------------------------

--
-- Table structure for table `tblequipmentinventory`
--

CREATE TABLE `tblequipmentinventory` (
  `flditemcode` int(100) NOT NULL,
  `flddate` text NOT NULL,
  `flditemname` varchar(100) NOT NULL,
  `fldprice` decimal(10,2) NOT NULL,
  `fldquantity` int(100) NOT NULL
) ENGINE=InnoDB DEFAULT CHARSET=latin1;

--
-- Dumping data for table `tblequipmentinventory`
--

INSERT INTO `tblequipmentinventory` (`flditemcode`, `flddate`, `flditemname`, `fldprice`, `fldquantity`) VALUES
(1, '2010-10-03', 'Air-Con', '7989.00', 15),
(2, '2010-10-01', 'Electric Fan', '2490.00', 23),
(3, '2010-08-10', 'Refrigerator', '11289.00', 7),
(4, '2011-01-10', 'Table', '2674.00', 50),
(5, '2010-10-20', 'Chair', '1005.00', 70);

-- --------------------------------------------------------

--
-- Table structure for table `tblfacilities`
--

CREATE TABLE `tblfacilities` (
  `id` int(11) NOT NULL,
  `name` varchar(50) NOT NULL,
  `description` varchar(500) NOT NULL,
  `image` varchar(100) NOT NULL
) ENGINE=InnoDB DEFAULT CHARSET=latin1;

--
-- Dumping data for table `tblfacilities`
--

INSERT INTO `tblfacilities` (`id`, `name`, `description`, `image`) VALUES
(1, 'Casa Leona', 'Take pleasure in La Leonas airconditioned rooms. You can choose to stay in the contemporary-styled La Leona Attic or in the native-inspired La Leona Loft. Whatever you choose, it will surely bring you that well-deserved La Leona comfort!', 'images/5.png'),
(2, 'Cabanas & Mezaninne', 'The cabanas in La Leona are all personally designed by the owners and are all intended be built with adequate spaces from each other. Large group of guests often prefer renting a cabana because it can accommodate 10 or more persons and they could also have easy access of the pool area.', 'img2/mezaninne1.png'),
(3, 'Function Hall', 'Special occasions can be made even more memorable when held in a comely venue. La Leona Resort can be your next destination for an important event in your life  may it be wedding, birthday party, baptismal party, or family reunion. The Function Hall can also host corporate events such as conference, seminar, training, team-building activities, or company parties.', 'img2/gallery21.png'),
(4, 'sample', 'asdjkkjsadflksadfkjklsadjf\r\nsadlkjlkasdjfa\r\nkasdlfjlkasdjfsad\r\nolajsdfljskadjf', 'images/gallery19.png');

-- --------------------------------------------------------

--
-- Table structure for table `tblfoodinven`
--

CREATE TABLE `tblfoodinven` (
  `flditemcode` int(100) NOT NULL,
  `flditemname` varchar(100) NOT NULL,
  `fldquantity` int(50) NOT NULL,
  `fldstatus` text NOT NULL,
  `fldreorderpoint` text NOT NULL,
  `fldprice` text NOT NULL,
  `fldunit` varchar(100) NOT NULL
) ENGINE=InnoDB DEFAULT CHARSET=latin1;

--
-- Dumping data for table `tblfoodinven`
--

INSERT INTO `tblfoodinven` (`flditemcode`, `flditemname`, `fldquantity`, `fldstatus`, `fldreorderpoint`, `fldprice`, `fldunit`) VALUES
(1, 'hotdog', 20, 'Critical Level', '40', '150', 'per pack'),
(2, 'coke', 50, 'Low Level', '50', '55', '1.5 litre'),
(3, 'Bottled Water', 100, 'High Level', '100', '18', 'per bottle'),
(4, 'egg', 1, 'Critical Level', '50', '12', 'per peice');

-- --------------------------------------------------------

--
-- Table structure for table `tblgallery`
--

CREATE TABLE `tblgallery` (
  `id` int(11) NOT NULL,
  `fname` varchar(50) NOT NULL,
  `description` varchar(100) NOT NULL
) ENGINE=InnoDB DEFAULT CHARSET=latin1;

--
-- Dumping data for table `tblgallery`
--

INSERT INTO `tblgallery` (`id`, `fname`, `description`) VALUES
(1, 'images/1.png', ''),
(2, 'images/uploadedpictureuploadedpicturepool.jpg', ''),
(3, 'images/gallery (3).png', ''),
(4, 'images/gallery (4).png', ''),
(5, 'images/gallery (5).png', ''),
(6, 'images/gallery (6).png', ''),
(7, 'images/gallery (7).png', ''),
(8, 'images/gallery (8).png', ''),
(9, 'images/gallery (9).png', ''),
(10, 'images/gallery (10).png', ''),
(11, 'images/gallery (11).png', ''),
(12, 'images/gallery (12).png', ''),
(13, 'images/gallery (13).png', ''),
(14, 'images/gallery (14).png', ''),
(15, 'images/gallery (15).png', ''),
(16, 'images/gallery (16).png', ''),
(17, 'images/gallery (17).png', ''),
(18, 'images/gallery (18).png', ''),
(19, 'images/gallery (19).png', ''),
(20, 'images/gallery (20).png', ''),
(21, 'images/gallery (21).png', ''),
(22, 'images/gallery (22).png', ''),
(23, 'images/gallery (23).png', ''),
(24, 'images/gallery (24).png', ''),
(25, 'images/gallery (25).png', ''),
(26, 'images/gallery (26).png', ''),
(27, 'images/gallery (27).png', ''),
(28, 'images/gallery (28).png', ''),
(29, 'images/gallery (29).png', ''),
(30, 'images/gallery (30).png', ''),
(31, 'images/gallery (31).png', ''),
(32, 'images/gallery (32).png', ''),
(33, 'images/gallery (33).png', ''),
(34, 'images/gallery (34).png', ''),
(35, 'images/gallery (35).png', ''),
(36, 'images/gallery (36).png', ''),
(37, 'images/gallery (37).png', ''),
(38, 'images/gallery (38).png', ''),
(39, 'images/gallery (39).png', ''),
(40, 'images/gallery (40).png', ''),
(41, 'images/gallery (41).png', ''),
(42, 'images/gallery (42).png', ''),
(43, 'images/thumb-gallery20.png', ''),
(44, 'images/wheel-alignment.png', '');

-- --------------------------------------------------------

--
-- Table structure for table `tblhall`
--

CREATE TABLE `tblhall` (
  `fldtype` varchar(100) NOT NULL,
  `fld50pax` varchar(100) NOT NULL,
  `fld100pax` varchar(100) NOT NULL,
  `fldavailable` varchar(100) NOT NULL,
  `fldampm` varchar(100) NOT NULL
) ENGINE=InnoDB DEFAULT CHARSET=latin1;

--
-- Dumping data for table `tblhall`
--

INSERT INTO `tblhall` (`fldtype`, `fld50pax`, `fld100pax`, `fldavailable`, `fldampm`) VALUES
('Alfonso Pavillion', '6000', '8000', '1', '12000'),
('Kristina Function Hall', '10000', '12000', '1', '16000');

-- --------------------------------------------------------

--
-- Table structure for table `tblhut`
--

CREATE TABLE `tblhut` (
  `fldtype` varchar(100) NOT NULL,
  `fldday` varchar(100) NOT NULL,
  `fldnight` varchar(100) NOT NULL,
  `fldovernight` varchar(100) NOT NULL,
  `fldmaxpax` varchar(100) NOT NULL,
  `fldavailable` varchar(100) NOT NULL
) ENGINE=InnoDB DEFAULT CHARSET=latin1;

--
-- Dumping data for table `tblhut`
--

INSERT INTO `tblhut` (`fldtype`, `fldday`, `fldnight`, `fldovernight`, `fldmaxpax`, `fldavailable`) VALUES
('Cabana', '400', '500', '800', '10', '9'),
('Duplex', '1250', '1500', '2500', '15', '1'),
('La Leona Cabana', '1200', '1500', '2500', '12', '10'),
('Mez', '1200', '1500', '1500', '12', '2'),
('Mushroom', '250', '350', '500', '5', '5');

-- --------------------------------------------------------

--
-- Table structure for table `tblhut1`
--

CREATE TABLE `tblhut1` (
  `fldtype` varchar(100) NOT NULL,
  `fldday` varchar(100) NOT NULL,
  `fldnight` varchar(100) NOT NULL,
  `fldovernight` varchar(100) NOT NULL,
  `fldmaxpax` varchar(100) NOT NULL,
  `fldavailable` varchar(100) NOT NULL,
  `fldhutnum` varchar(100) NOT NULL
) ENGINE=InnoDB DEFAULT CHARSET=latin1;

--
-- Dumping data for table `tblhut1`
--

INSERT INTO `tblhut1` (`fldtype`, `fldday`, `fldnight`, `fldovernight`, `fldmaxpax`, `fldavailable`, `fldhutnum`) VALUES
('Mushroom', '250', '350', '500', '5', '5', '111'),
('Mushroom', '250', '350', '500', '5', '5', '112'),
('Mushroom', '250', '350', '500', '5', '5', '113'),
('Mushroom', '250', '350', '500', '5', '5', '114'),
('Mushroom', '250', '350', '500', '5', '5', '115'),
('La Leona Cabana', '1200', '1500', '2500', '25', '1', '211'),
('Mez', '700', '800', '1500', '10', '2', '311'),
('Mez', '700', '800', '1500', '10', '2', '312'),
('Duplex', '1250', '1500', '2500', '15', '1', '411'),
('Cabana', '400', '500', '800', '10', '13', '511'),
('Cabana', '400', '500', '800', '10', '13', '512'),
('Cabana', '400', '500', '800', '10', '13', '513'),
('Cabana', '400', '500', '800', '10', '13', '514'),
('Cabana', '400', '500', '800', '10', '13', '515'),
('Cabana', '400', '500', '800', '10', '13', '516'),
('Cabana', '400', '500', '800', '10', '13', '517');

-- --------------------------------------------------------

--
-- Table structure for table `tblincre`
--

CREATE TABLE `tblincre` (
  `fldnum` varchar(100) NOT NULL,
  `fldnet` varchar(100) NOT NULL
) ENGINE=InnoDB DEFAULT CHARSET=latin1;

--
-- Dumping data for table `tblincre`
--

INSERT INTO `tblincre` (`fldnum`, `fldnet`) VALUES
('19', '');

-- --------------------------------------------------------

--
-- Table structure for table `tblitemscategory`
--

CREATE TABLE `tblitemscategory` (
  `fldcategorycode` int(100) NOT NULL,
  `fldproductname` varchar(100) NOT NULL
) ENGINE=InnoDB DEFAULT CHARSET=latin1;

--
-- Dumping data for table `tblitemscategory`
--

INSERT INTO `tblitemscategory` (`fldcategorycode`, `fldproductname`) VALUES
(1, 'Toiletries'),
(2, 'Food Supplies'),
(3, 'Equipment Supplies'),
(4, 'Room Amenities'),
(5, 'Catering Equipments');

-- --------------------------------------------------------

--
-- Table structure for table `tbllogin`
--

CREATE TABLE `tbllogin` (
  `username` varchar(10) NOT NULL,
  `password` varchar(10) NOT NULL,
  `type` varchar(50) NOT NULL
) ENGINE=InnoDB DEFAULT CHARSET=latin1;

--
-- Dumping data for table `tbllogin`
--

INSERT INTO `tbllogin` (`username`, `password`, `type`) VALUES
('admin', '123', 'admin'),
('user', 'user', 'staff');

-- --------------------------------------------------------

--
-- Table structure for table `tblpayments`
--

CREATE TABLE `tblpayments` (
  `payid` int(11) NOT NULL,
  `trxnid` int(11) NOT NULL,
  `email` varchar(50) NOT NULL,
  `fullname` varchar(150) NOT NULL,
  `food` decimal(10,2) NOT NULL,
  `damage` decimal(10,2) NOT NULL,
  `downpayment` decimal(10,2) NOT NULL,
  `balance` decimal(10,2) NOT NULL,
  `ornum` varchar(20) NOT NULL,
  `totamt` decimal(10,2) NOT NULL,
  `payment_amount` varchar(100) NOT NULL,
  `payment_status` varchar(100) NOT NULL,
  `itemid` varchar(100) NOT NULL,
  `createdtime` time NOT NULL,
  `date_` varchar(20) NOT NULL,
  `changes` varchar(100) NOT NULL
) ENGINE=InnoDB DEFAULT CHARSET=latin1;

--
-- Dumping data for table `tblpayments`
--

INSERT INTO `tblpayments` (`payid`, `trxnid`, `email`, `fullname`, `food`, `damage`, `downpayment`, `balance`, `ornum`, `totamt`, `payment_amount`, `payment_status`, `itemid`, `createdtime`, `date_`, `changes`) VALUES
(310, 222, 'drake@yahoo.com', 'vergara, drake mendoza.', '0.00', '0.00', '1100.00', '450.00', '', '1550.00', '', 'reserved', '', '00:00:00', '', ''),
(311, 223, 'sample@yahoo.com', 'sample, sample sample.', '0.00', '0.00', '1000.00', '550.00', '', '1550.00', '', 'reserved', '1', '00:00:00', '11/04/2016', ''),
(312, 224, 'try@yahoo.com', 'ry, try try.', '0.00', '0.00', '1150.00', '1000.00', '', '2150.00', '', 'checkedin', '1', '00:00:00', '11/04/2016', '');

-- --------------------------------------------------------

--
-- Table structure for table `tblphoto`
--

CREATE TABLE `tblphoto` (
  `fldtype` varchar(100) NOT NULL,
  `status` varchar(100) NOT NULL,
  `imagefile` varchar(100) NOT NULL,
  `imagetype` varchar(100) NOT NULL,
  `imagesize` varchar(100) NOT NULL
) ENGINE=InnoDB DEFAULT CHARSET=latin1;

--
-- Dumping data for table `tblphoto`
--

INSERT INTO `tblphoto` (`fldtype`, `status`, `imagefile`, `imagetype`, `imagesize`) VALUES
('Casa Leona', '', '5.png', 'image/png', '583644'),
('Casa Leona Deluxe', '', 'uploadedpicturepool.jpg', 'image/jpeg', '10791'),
('Casa Leona Deluxe', '', '4.png', 'image/png', '515434'),
('La Leona Attic', '', '5.png', 'image/png', '583644'),
('La Leona Attic', '', 'uploadedpicturecar.jpg', 'image/jpeg', '15755'),
('Mushroom', '', 'mushroom1.png', 'image/png', '667567'),
('Mez', '', 'mezaninne1.png', 'image/png', '612622'),
('Casa Leona Deluxe', '', 'uploadedpicturepool.jpg', 'image/jpeg', '10791'),
('Casa Leona Deluxe', '', 'mushroom4.png', 'image/png', '665567'),
('Casa Leona', '', 'mushroom2.png', 'image/png', '671600'),
('La Leona Attic', '', '5.png', 'image/png', '583644'),
('Casa Leona', '', 'mushroom2.png', 'image/png', '671600'),
('Casa Leona', '', 'uploadedpicturedrinking.jpg', 'image/jpeg', '10510'),
('Casa Leona Deluxe', '', 'gallery1.png', 'image/png', '562657'),
('Casa Leona', '', 'thumb-5.png', 'image/png', '15814');

-- --------------------------------------------------------

--
-- Table structure for table `tblprice`
--

CREATE TABLE `tblprice` (
  `fldsession` varchar(100) NOT NULL,
  `fldadult` varchar(100) NOT NULL,
  `fldkid` varchar(100) NOT NULL,
  `flda30pax` varchar(100) NOT NULL,
  `fldk30pax` varchar(100) NOT NULL,
  `flda51pax` varchar(100) NOT NULL,
  `fldk51pax` varchar(100) NOT NULL,
  `flda101pax` varchar(100) NOT NULL,
  `fldk101pax` varchar(100) NOT NULL
) ENGINE=InnoDB DEFAULT CHARSET=latin1;

--
-- Dumping data for table `tblprice`
--

INSERT INTO `tblprice` (`fldsession`, `fldadult`, `fldkid`, `flda30pax`, `fldk30pax`, `flda51pax`, `fldk51pax`, `flda101pax`, `fldk101pax`) VALUES
('Day', '120', '80', '115', '75', '110', '70', '105', '65'),
('Day and Night', '240', '160', '235', '155', '230', '150', '225', '145'),
('Night', '180', '120', '175', '115', '170', '110', '165', '105');

-- --------------------------------------------------------

--
-- Table structure for table `tblregister`
--

CREATE TABLE `tblregister` (
  `username` varchar(100) NOT NULL,
  `password` varchar(100) NOT NULL,
  `fldfname` varchar(100) NOT NULL,
  `fldmname` varchar(100) NOT NULL,
  `fldlname` varchar(100) NOT NULL,
  `fldaddress` varchar(100) NOT NULL,
  `fldemail` varchar(100) NOT NULL,
  `fldcontact1` varchar(20) NOT NULL,
  `fldcontact2` varchar(20) NOT NULL,
  `fldage` int(100) NOT NULL,
  `fldgender` varchar(100) NOT NULL,
  `type` varchar(20) NOT NULL DEFAULT 'customer'
) ENGINE=InnoDB DEFAULT CHARSET=latin1;

--
-- Dumping data for table `tblregister`
--

INSERT INTO `tblregister` (`username`, `password`, `fldfname`, `fldmname`, `fldlname`, `fldaddress`, `fldemail`, `fldcontact1`, `fldcontact2`, `fldage`, `fldgender`, `type`) VALUES
('', '123', 'alison', 'lat', 'villapando', 'malvar', 'alison@gmail.com', '', '', 0, '', 'customer'),
('', '12345678', 'DESK', '', 'FRONT', 'ALPHABET VILLAGE', 'asd@asd.com', '09876543210', '', 18, 'Male', 'FRONTDESK'),
('daniel', '123', 'daniel', 'lescano', 'pilapil', 'marawoy', 'danieledward@gmail.com', '2147483647', '', 24, 'Male', 'customer'),
('', '123', 'drake', 'mendoza', 'vergara', 'lipa city', 'drake@yahoo.com', '0926', '62262', 20, 'Male', 'customer'),
('', '', 'jans', 'por', 'jans', 'dwddsgr rgfergefa ewrt', 'jansp@yahoo.com', '', '', 0, '', 'customer'),
('Kevin', '123', 'kevin', 'lacad', 'libera', 'san guillermo', 'jerslibera@gmail.com', '2147483647', '', 21, 'Male', 'customer'),
('dale', '123', 'dale', 'mejico', 'mendoza', 'lipa', 'jhonnedale@yahoo.com', '923456432', '', 21, 'Male', 'customer'),
('Camille', '123', 'Camille', 'g', 'hernandez', 'lipa', 'juliusmejico02@gmail.com', '2147483647', '', 16, 'Female', 'customer'),
('ninabelle', '123', 'nina', 'sandoval', 'valle', 'sariaya', 'nina.valle16@yahoo.com', '2147483647', '', 23, 'Female', 'customer'),
('', '123', 'salem', 'm', 'laylo', 'sdjhjhdsfajhdsfjkhjh', 'salemcoe@gmail.com', '98765432111', '', 37, 'Male', 'customer'),
('', '12345', 'sample', 'sample', 'sample', 'sample', 'sample@yahoo.com', '4679', '49', 20, 'Male', 'customer'),
('yeah', 'yeah', 'julius', 'hutalla', 'mejico', 'marawoy', 'silvajenica', '2147483647', '', 12, 'Male', 'customer'),
('', '', 'try', 'try', 'ry', 'san lucas lipa city', 'try@yahoo.com', '', '', 0, '', 'customer');

-- --------------------------------------------------------

--
-- Table structure for table `tblreport`
--

CREATE TABLE `tblreport` (
  `username` varchar(100) NOT NULL,
  `fldcreated` date NOT NULL,
  `RegNo` varchar(100) NOT NULL,
  `fldarrival` date NOT NULL,
  `flddeparture` date NOT NULL,
  `fldnightstay` varchar(100) NOT NULL,
  `fldadult` varchar(100) NOT NULL,
  `fldchild` varchar(100) NOT NULL,
  `fldroom` varchar(100) NOT NULL,
  `fldcottagesnum` varchar(100) NOT NULL,
  `fldhut2` varchar(100) NOT NULL,
  `fldh2` varchar(100) NOT NULL,
  `fldhut3` varchar(100) NOT NULL,
  `fldh3` varchar(100) NOT NULL,
  `fldhut4` varchar(100) NOT NULL,
  `fldh4` varchar(100) NOT NULL,
  `fldhut5` varchar(100) NOT NULL,
  `fldh5` varchar(100) NOT NULL,
  `fldhutnum` varchar(100) NOT NULL,
  `fldroom2` varchar(100) NOT NULL,
  `fldnum2` varchar(100) NOT NULL,
  `fldroom4` varchar(100) NOT NULL,
  `fldnum4` varchar(100) NOT NULL,
  `fldroomtype` varchar(100) NOT NULL,
  `fldnumofroom` varchar(100) NOT NULL,
  `fldroomnum` varchar(100) NOT NULL,
  `fldstaytype` varchar(100) NOT NULL,
  `fldtotal` varchar(100) NOT NULL,
  `fldpaytype` varchar(100) NOT NULL,
  `fldfname` varchar(100) NOT NULL,
  `fldlname` varchar(100) NOT NULL,
  `fldcontact` varchar(100) NOT NULL,
  `fldpayment` varchar(100) NOT NULL,
  `fldpaymenttype` varchar(100) NOT NULL,
  `fldterm` varchar(100) NOT NULL,
  `flddownpayment` varchar(100) NOT NULL,
  `fldbalance` varchar(100) NOT NULL,
  `fldchange` varchar(100) NOT NULL,
  `status` varchar(100) NOT NULL,
  `flddate` date NOT NULL,
  `transaction_id` varchar(100) NOT NULL
) ENGINE=InnoDB DEFAULT CHARSET=latin1;

--
-- Dumping data for table `tblreport`
--

INSERT INTO `tblreport` (`username`, `fldcreated`, `RegNo`, `fldarrival`, `flddeparture`, `fldnightstay`, `fldadult`, `fldchild`, `fldroom`, `fldcottagesnum`, `fldhut2`, `fldh2`, `fldhut3`, `fldh3`, `fldhut4`, `fldh4`, `fldhut5`, `fldh5`, `fldhutnum`, `fldroom2`, `fldnum2`, `fldroom4`, `fldnum4`, `fldroomtype`, `fldnumofroom`, `fldroomnum`, `fldstaytype`, `fldtotal`, `fldpaytype`, `fldfname`, `fldlname`, `fldcontact`, `fldpayment`, `fldpaymenttype`, `fldterm`, `flddownpayment`, `fldbalance`, `fldchange`, `status`, `flddate`, `transaction_id`) VALUES
('jd', '0000-00-00', '1', '2016-02-08', '2016-02-08', '0', '10', '', '', '', '', '', '', '', '', '', '', '', '', '', '', '', '', '', '', '', 'Day', '2450', '', 'jhonne', 'mendoza', '09262626262', '1395.00', 'Paypal', 'Full Payment', '0', '', '', 'Reserved', '2016-02-08', '9RJ57368WP156862P'),
('jd', '0000-00-00', '1', '2016-02-08', '2016-02-08', '0', '10', '', '', '', '', '', '', '', '', '', '', '', '', '', '', '', '', '', '', '', 'Day', '2450', '', 'jhonne', 'mendoza', '09262626262', '1395.00', 'Paypal', 'Full Payment', '0', '', '', 'Reserved', '2016-02-08', '9RJ57368WP156862P'),
('jd', '2016-02-08', '1', '2016-02-10', '2016-02-11', '1', '5', '2', 'Cabana', '1', 'Mushroom', '1', 'Mez', '1', '', '', '', '', '', '', '', '', '', '', '', '', 'Night', '2790', '', 'jhonne', 'mendoza', '09262626262', '1395.00', 'Paypal', 'Downpayment', '', '1395', '', 'Reserved', '2016-02-10', '9RJ57368WP156862P'),
('jd1123', '2016-02-08', '2', '2016-02-10', '2016-02-11', '1', '5', '', '', '', '', '', 'Mez', '1', '', '', '', '', '', '', '', '', '', '', '', '', 'Day and Night', '2800', '', 'jhonne', 'mendoza', '09262626262', '1400.00', 'Paypal', 'Downpayment', '', '1400', '', 'Reserved', '2016-02-10', '82S82656YC4791724');

-- --------------------------------------------------------

--
-- Table structure for table `tblreservations`
--

CREATE TABLE `tblreservations` (
  `trxnid` int(11) NOT NULL,
  `facid` int(11) NOT NULL,
  `facname` varchar(100) NOT NULL,
  `roomnum` varchar(20) NOT NULL,
  `typeofuse` varchar(20) NOT NULL,
  `rate` decimal(10,2) NOT NULL,
  `numpax` int(11) NOT NULL,
  `xcs` int(11) NOT NULL,
  `per` decimal(10,2) NOT NULL,
  `xcsamt` decimal(10,2) NOT NULL,
  `cin` varchar(20) NOT NULL,
  `cout` varchar(20) NOT NULL,
  `tin` varchar(20) NOT NULL,
  `tout` varchar(20) NOT NULL,
  `totime` decimal(10,2) NOT NULL,
  `addhrs` decimal(10,2) NOT NULL,
  `addhrsamt` decimal(10,2) NOT NULL,
  `occasion` varchar(50) NOT NULL,
  `cater` varchar(10) NOT NULL,
  `xbed` varchar(10) NOT NULL,
  `numdays` decimal(10,2) NOT NULL,
  `totamt` decimal(10,2) NOT NULL,
  `mode` varchar(20) NOT NULL,
  `status` varchar(20) NOT NULL,
  `email` varchar(50) NOT NULL,
  `ornum` varchar(10) NOT NULL,
  `remarks` varchar(200) NOT NULL,
  `date_` varchar(20) NOT NULL,
  `reason` varchar(500) NOT NULL,
  `image` varchar(100) NOT NULL
) ENGINE=InnoDB DEFAULT CHARSET=latin1;

--
-- Dumping data for table `tblreservations`
--

INSERT INTO `tblreservations` (`trxnid`, `facid`, `facname`, `roomnum`, `typeofuse`, `rate`, `numpax`, `xcs`, `per`, `xcsamt`, `cin`, `cout`, `tin`, `tout`, `totime`, `addhrs`, `addhrsamt`, `occasion`, `cater`, `xbed`, `numdays`, `totamt`, `mode`, `status`, `email`, `ornum`, `remarks`, `date_`, `reason`, `image`) VALUES
(221, 1, 'Casa Leona 1', '', 'Day use', '1550.00', 4, 2, '200.00', '400.00', '11/09/2016', '11/09/2016', '', '', '0.00', '0.00', '0.00', '', '', '0', '0.00', '1950.00', 'cashdp', 'pending-cd', 'alison@gmail.com', '', '', '', '', ''),
(222, 1, 'Casa Leona 1', '', 'Day use', '1550.00', 2, 0, '200.00', '0.00', '11/09/2016', '11/09/2016', '', '', '0.00', '0.00', '0.00', '', '', '0', '0.00', '1550.00', 'paypal', 'reserved', 'drake@yahoo.com', '', '', '', '', ''),
(223, 1, 'Casa Leona 1', '', 'Day use', '1550.00', 2, 0, '200.00', '0.00', '11/09/2016', '11/09/2016', '', '', '0.00', '0.00', '0.00', '', '', '0', '0.00', '1550.00', 'cashdp', 'reserved', 'sample@yahoo.com', '', '', '', '', 'images/BDO Cash Deposit Slip.jpg'),
(224, 1, 'Casa Leona 1', '', 'Overnight', '2150.00', 2, 0, '200.00', '0.00', '11/10/2016', '11/11/2016', '0', '0', '0.00', '0.00', '0.00', 'none', 'none', '0', '1.00', '2150.00', 'cash', 'checkedin', 'try@yahoo.com', '', '', '', '', ''),
(226, 2, 'Mushroom', '', 'Day Use', '250.00', 3, 3, '80.00', '240.00', '11/18/2016', '11/18/2016', '0', '0', '0.00', '0.00', '0.00', 'none', 'none', '0', '1.00', '490.00', 'cash', 'pending', 'jansp@yahoo.com', '', '', '', '', '');

-- --------------------------------------------------------

--
-- Table structure for table `tblreserve`
--

CREATE TABLE `tblreserve` (
  `username` varchar(100) NOT NULL,
  `fldcreated` date NOT NULL,
  `RegNo` varchar(100) NOT NULL,
  `fldarrival` date NOT NULL,
  `flddeparture` date NOT NULL,
  `fldnightstay` varchar(100) NOT NULL,
  `fldadult` varchar(100) NOT NULL,
  `fldchild` varchar(100) NOT NULL,
  `fldroom` varchar(100) NOT NULL,
  `fldcottagesnum` varchar(100) NOT NULL,
  `fldhut2` varchar(100) NOT NULL,
  `fldh2` varchar(100) NOT NULL,
  `fldhut3` varchar(100) NOT NULL,
  `fldh3` varchar(100) NOT NULL,
  `fldhut4` varchar(100) NOT NULL,
  `fldh4` varchar(100) NOT NULL,
  `fldhut5` varchar(100) NOT NULL,
  `fldh5` varchar(100) NOT NULL,
  `fldhutnum` varchar(100) NOT NULL,
  `fldroom2` varchar(100) NOT NULL,
  `fldnum2` varchar(100) NOT NULL,
  `fldroom4` varchar(100) NOT NULL,
  `fldnum4` varchar(100) NOT NULL,
  `fldroomtype` varchar(100) NOT NULL,
  `fldnumofroom` varchar(100) NOT NULL,
  `fldroomnum` varchar(100) NOT NULL,
  `fldstaytype` varchar(100) NOT NULL,
  `fldtotal` varchar(100) NOT NULL,
  `fldpaytype` varchar(100) NOT NULL,
  `fldfname` varchar(100) NOT NULL,
  `fldlname` varchar(100) NOT NULL,
  `fldcontact` varchar(100) NOT NULL,
  `fldpayment` varchar(100) NOT NULL,
  `fldpaymenttype` varchar(100) NOT NULL,
  `fldterm` varchar(100) NOT NULL,
  `flddownpayment` varchar(100) NOT NULL,
  `fldbalance` varchar(100) NOT NULL,
  `fldchange` varchar(100) NOT NULL,
  `status` varchar(100) NOT NULL,
  `flddate` date NOT NULL,
  `fldextra` varchar(100) NOT NULL,
  `transaction_id` varchar(100) NOT NULL
) ENGINE=InnoDB DEFAULT CHARSET=latin1;

--
-- Dumping data for table `tblreserve`
--

INSERT INTO `tblreserve` (`username`, `fldcreated`, `RegNo`, `fldarrival`, `flddeparture`, `fldnightstay`, `fldadult`, `fldchild`, `fldroom`, `fldcottagesnum`, `fldhut2`, `fldh2`, `fldhut3`, `fldh3`, `fldhut4`, `fldh4`, `fldhut5`, `fldh5`, `fldhutnum`, `fldroom2`, `fldnum2`, `fldroom4`, `fldnum4`, `fldroomtype`, `fldnumofroom`, `fldroomnum`, `fldstaytype`, `fldtotal`, `fldpaytype`, `fldfname`, `fldlname`, `fldcontact`, `fldpayment`, `fldpaymenttype`, `fldterm`, `flddownpayment`, `fldbalance`, `fldchange`, `status`, `flddate`, `fldextra`, `transaction_id`) VALUES
('', '2016-03-02', '26', '2016-03-07', '2016-03-08', '1', '5', '', '', '', '', '', '', '', '', '', '', '', '', '', '', '', '', '', '1', '', 'Night', '2975', '', 'Jhonne Dale', 'Mendoza', '09565656565', '2975', 'Cash Deposit', 'Downpayment', '', '0', '', 'Checked in', '2016-03-07', 'No', ''),
('jd', '2016-03-03', '28', '2016-03-07', '2016-03-08', '1', '5', '', '', '', '', '', '', '', '', '', '', '', '', '', '', '', '', '', '', '', 'Night', '825', '', 'Alison', 'Villapando', '09565656565', '', 'Paypal', 'Full Payment', '', '825', '', 'Pending', '2016-03-07', 'No', ''),
('ninabelle', '2016-04-09', '18', '2016-04-13', '2016-04-14', '1', '1', '1', 'Cabana', '3', '', '', '', '', '', '', '', '', '', 'Casa Leona Deluxe', '3', '', '', '', '', '', 'Night', '9795', '', 'nina', 'valle', '09232321312', '', 'Cash Deposit', 'Full Payment', '', '9795', '', 'Pending', '2016-04-13', 'Yes', '');

-- --------------------------------------------------------

--
-- Table structure for table `tblreserveevent`
--

CREATE TABLE `tblreserveevent` (
  `username` varchar(100) NOT NULL,
  `RegNo` varchar(100) NOT NULL,
  `fldfname` varchar(100) NOT NULL,
  `fldlname` varchar(100) NOT NULL,
  `fldcontact` varchar(100) NOT NULL,
  `fldarrival` date NOT NULL,
  `fldtime` varchar(100) NOT NULL,
  `fldhour` varchar(100) NOT NULL,
  `fldhall` varchar(100) NOT NULL,
  `fldnumpax` varchar(100) NOT NULL,
  `fldcater` varchar(100) NOT NULL,
  `fldpaymenttype` varchar(100) NOT NULL,
  `fldterm` varchar(100) NOT NULL,
  `flddownpayment` varchar(100) NOT NULL,
  `fldtotal` varchar(100) NOT NULL,
  `fldpayment` varchar(100) NOT NULL,
  `fldbalance` varchar(100) NOT NULL,
  `status` varchar(100) NOT NULL,
  `flddate` date NOT NULL,
  `transaction_id` varchar(100) NOT NULL
) ENGINE=InnoDB DEFAULT CHARSET=latin1;

--
-- Dumping data for table `tblreserveevent`
--

INSERT INTO `tblreserveevent` (`username`, `RegNo`, `fldfname`, `fldlname`, `fldcontact`, `fldarrival`, `fldtime`, `fldhour`, `fldhall`, `fldnumpax`, `fldcater`, `fldpaymenttype`, `fldterm`, `flddownpayment`, `fldtotal`, `fldpayment`, `fldbalance`, `status`, `flddate`, `transaction_id`) VALUES
('', '18', 'melax', 'cantiveberos', '09837462900', '2016-03-10', 'PM', '', 'Alfonso Pavillion', '50', 'No', 'Cash Deposit', 'Full Payment', '0', '8000', '8000', '0', 'Reserved', '2016-03-01', ''),
('', '19', 'lebron', 'wade', '09163687953', '2016-03-09', 'AM', '', 'Alfonso Pavillion', '50', 'No', 'Paypal', 'Downpayment', '', '8000', '8000', '0', 'Checked in', '2016-03-01', ''),
('ninabelle', '19', 'nina', 'valle', '2147483647', '2016-04-13', 'AM', '1', 'Alfonso Pavillion', '150', 'Yes', 'Paypal', 'Downpayment', '', '68500', '', '34250', 'Pending', '2016-04-09', '');

-- --------------------------------------------------------

--
-- Table structure for table `tblreserve_temp`
--

CREATE TABLE `tblreserve_temp` (
  `trxnid` int(11) NOT NULL DEFAULT '0',
  `facid` int(11) NOT NULL,
  `facname` varchar(100) NOT NULL,
  `roomnum` varchar(20) NOT NULL,
  `typeofuse` varchar(20) NOT NULL,
  `rate` decimal(10,2) NOT NULL,
  `numpax` int(11) NOT NULL,
  `xcs` int(11) NOT NULL,
  `per` decimal(10,2) NOT NULL,
  `xcsamt` decimal(10,2) NOT NULL,
  `cin` varchar(20) NOT NULL,
  `cout` varchar(20) NOT NULL,
  `tin` varchar(20) NOT NULL,
  `tout` varchar(20) NOT NULL,
  `totime` decimal(10,2) NOT NULL,
  `addhrs` decimal(10,2) NOT NULL,
  `addhrsamt` decimal(10,2) NOT NULL,
  `occasion` varchar(50) NOT NULL,
  `cater` varchar(10) NOT NULL,
  `xbed` varchar(10) NOT NULL,
  `numdays` decimal(10,2) NOT NULL,
  `totamt` decimal(10,2) NOT NULL,
  `mode` varchar(20) NOT NULL,
  `status` varchar(20) NOT NULL,
  `email` varchar(50) NOT NULL,
  `ornum` varchar(10) NOT NULL,
  `remarks` varchar(200) NOT NULL,
  `date_` varchar(20) NOT NULL
) ENGINE=InnoDB DEFAULT CHARSET=latin1;

-- --------------------------------------------------------

--
-- Table structure for table `tblroom`
--

CREATE TABLE `tblroom` (
  `fldtype` varchar(100) NOT NULL,
  `fldday` varchar(100) NOT NULL,
  `fldnight` varchar(100) NOT NULL,
  `fldmaxpax` varchar(100) NOT NULL,
  `fldavailable` varchar(100) NOT NULL
) ENGINE=InnoDB DEFAULT CHARSET=latin1;

--
-- Dumping data for table `tblroom`
--

INSERT INTO `tblroom` (`fldtype`, `fldday`, `fldnight`, `fldmaxpax`, `fldavailable`) VALUES
('Casa Leona', '1550', '2150', '4', '5'),
('Casa Leona Deluxe', '2050', '2650', '4', '3'),
('La Leona Attic', '3550', '5150', '10', '6'),
('Mushroom', '1500', '2500', '12', '6');

-- --------------------------------------------------------

--
-- Table structure for table `tbltype`
--

CREATE TABLE `tbltype` (
  `id` int(11) NOT NULL,
  `facid` int(11) NOT NULL,
  `code` varchar(100) NOT NULL,
  `name` varchar(100) NOT NULL,
  `status` varchar(50) NOT NULL,
  `pieces` int(11) NOT NULL,
  `remarks` varchar(100) NOT NULL,
  `price1` decimal(10,2) NOT NULL,
  `price2` decimal(10,2) NOT NULL,
  `price3` decimal(10,2) NOT NULL,
  `perhead` decimal(10,2) NOT NULL,
  `pax` int(11) NOT NULL,
  `disc` int(11) NOT NULL,
  `image` varchar(100) NOT NULL
) ENGINE=InnoDB DEFAULT CHARSET=latin1;

--
-- Dumping data for table `tbltype`
--

INSERT INTO `tbltype` (`id`, `facid`, `code`, `name`, `status`, `pieces`, `remarks`, `price1`, `price2`, `price3`, `perhead`, `pax`, `disc`, `image`) VALUES
(1, 1, 'CLL101', 'Casa Leona 1', '1', 2, 'Good for 2 persons', '1550.00', '2150.00', '300.00', '200.00', 2, 0, 'images/1.png'),
(2, 1, 'CLL102', 'Casa Leona 2', '1', 2, 'Good for 4 persons', '2050.00', '2650.00', '450.00', '150.00', 4, 0, 'images/gallery24.png'),
(3, 1, 'CLL103', 'La Leona Attic', '1', 3, 'Good for 10 persons', '3550.00', '5150.00', '0.00', '180.00', 10, 0, 'images/room1.png'),
(4, 2, 'CBM201', 'Mushroom', '1', 3, 'Good for 10 persons', '250.00', '350.00', '500.00', '80.00', 0, 0, 'images/mushroom2.png'),
(5, 2, 'CBM202', 'Cabanas', '1', 3, 'Good for 10 persons', '400.00', '500.00', '800.00', '80.00', 0, 0, 'img2/mushroom4.png'),
(6, 2, 'CBM203', 'Mezaninne', '1', 3, 'Good for 10 persons', '1200.00', '1500.00', '2500.00', '80.00', 0, 0, 'img2/mezaninne1.png'),
(7, 2, 'CBM204', 'La Leona Cabana', '1', 3, 'Good for 25 persons', '1200.00', '1500.00', '2500.00', '80.00', 0, 0, 'img2/le%20leona%20cabana.png'),
(8, 2, 'CBM205', 'Duplex', '1', 3, 'Good for 15 persons', '1200.00', '1500.00', '2500.00', '80.00', 0, 0, 'img2/mushroom1.png'),
(9, 3, 'CBM301', 'Alfonso Pavilion Hall', '1', 1, '150 - 200 persons (for 5 hours)', '6000.00', '500.00', '5.00', '250.00', 200, 0, 'images/hall2.png'),
(10, 3, 'CBM302', 'Kristina Function Hall', '1', 1, '150 - 200 persons (for 4 hours)', '12000.00', '1000.00', '4.00', '280.00', 200, 0, 'images/hall1.png'),
(11, 4, '1', 'sample1', '1', 1, 'good for twenty', '150.00', '200.00', '0.00', '0.00', 0, 0, 'images/pool.png'),
(12, 4, '12', 'sample2', '1', 1, 'Good for 10 persons', '80.00', '160.00', '0.00', '0.00', 0, 0, 'images/gallery19.png');

--
-- Indexes for dumped tables
--

--
-- Indexes for table `payments`
--
ALTER TABLE `payments`
  ADD PRIMARY KEY (`payment_id`);

--
-- Indexes for table `products`
--
ALTER TABLE `products`
  ADD PRIMARY KEY (`id`);

--
-- Indexes for table `tbladdons`
--
ALTER TABLE `tbladdons`
  ADD PRIMARY KEY (`id`);

--
-- Indexes for table `tblamenities`
--
ALTER TABLE `tblamenities`
  ADD PRIMARY KEY (`id`);

--
-- Indexes for table `tblequipmentinventory`
--
ALTER TABLE `tblequipmentinventory`
  ADD PRIMARY KEY (`flditemcode`);

--
-- Indexes for table `tblfacilities`
--
ALTER TABLE `tblfacilities`
  ADD PRIMARY KEY (`id`);

--
-- Indexes for table `tblfoodinven`
--
ALTER TABLE `tblfoodinven`
  ADD PRIMARY KEY (`flditemcode`);

--
-- Indexes for table `tblgallery`
--
ALTER TABLE `tblgallery`
  ADD PRIMARY KEY (`id`);

--
-- Indexes for table `tblhall`
--
ALTER TABLE `tblhall`
  ADD PRIMARY KEY (`fldtype`);

--
-- Indexes for table `tblhut`
--
ALTER TABLE `tblhut`
  ADD PRIMARY KEY (`fldtype`);

--
-- Indexes for table `tblitemscategory`
--
ALTER TABLE `tblitemscategory`
  ADD PRIMARY KEY (`fldcategorycode`);

--
-- Indexes for table `tbllogin`
--
ALTER TABLE `tbllogin`
  ADD PRIMARY KEY (`username`);

--
-- Indexes for table `tblpayments`
--
ALTER TABLE `tblpayments`
  ADD PRIMARY KEY (`payid`);

--
-- Indexes for table `tblprice`
--
ALTER TABLE `tblprice`
  ADD PRIMARY KEY (`fldsession`);

--
-- Indexes for table `tblregister`
--
ALTER TABLE `tblregister`
  ADD PRIMARY KEY (`fldemail`);

--
-- Indexes for table `tblreservations`
--
ALTER TABLE `tblreservations`
  ADD PRIMARY KEY (`trxnid`);

--
-- Indexes for table `tblroom`
--
ALTER TABLE `tblroom`
  ADD PRIMARY KEY (`fldtype`);

--
-- Indexes for table `tbltype`
--
ALTER TABLE `tbltype`
  ADD PRIMARY KEY (`id`);

--
-- AUTO_INCREMENT for dumped tables
--

--
-- AUTO_INCREMENT for table `payments`
--
ALTER TABLE `payments`
  MODIFY `payment_id` int(11) NOT NULL AUTO_INCREMENT, AUTO_INCREMENT=48;
--
-- AUTO_INCREMENT for table `products`
--
ALTER TABLE `products`
  MODIFY `id` int(11) NOT NULL AUTO_INCREMENT, AUTO_INCREMENT=2;
--
-- AUTO_INCREMENT for table `tbladdons`
--
ALTER TABLE `tbladdons`
  MODIFY `id` int(11) NOT NULL AUTO_INCREMENT, AUTO_INCREMENT=654;
--
-- AUTO_INCREMENT for table `tblamenities`
--
ALTER TABLE `tblamenities`
  MODIFY `id` int(11) NOT NULL AUTO_INCREMENT, AUTO_INCREMENT=12;
--
-- AUTO_INCREMENT for table `tblequipmentinventory`
--
ALTER TABLE `tblequipmentinventory`
  MODIFY `flditemcode` int(100) NOT NULL AUTO_INCREMENT, AUTO_INCREMENT=6;
--
-- AUTO_INCREMENT for table `tblfacilities`
--
ALTER TABLE `tblfacilities`
  MODIFY `id` int(11) NOT NULL AUTO_INCREMENT, AUTO_INCREMENT=5;
--
-- AUTO_INCREMENT for table `tblfoodinven`
--
ALTER TABLE `tblfoodinven`
  MODIFY `flditemcode` int(100) NOT NULL AUTO_INCREMENT, AUTO_INCREMENT=5;
--
-- AUTO_INCREMENT for table `tblgallery`
--
ALTER TABLE `tblgallery`
  MODIFY `id` int(11) NOT NULL AUTO_INCREMENT, AUTO_INCREMENT=45;
--
-- AUTO_INCREMENT for table `tblitemscategory`
--
ALTER TABLE `tblitemscategory`
  MODIFY `fldcategorycode` int(100) NOT NULL AUTO_INCREMENT, AUTO_INCREMENT=6;
--
-- AUTO_INCREMENT for table `tblpayments`
--
ALTER TABLE `tblpayments`
  MODIFY `payid` int(11) NOT NULL AUTO_INCREMENT, AUTO_INCREMENT=313;
--
-- AUTO_INCREMENT for table `tblreservations`
--
ALTER TABLE `tblreservations`
  MODIFY `trxnid` int(11) NOT NULL AUTO_INCREMENT, AUTO_INCREMENT=227;
--
-- AUTO_INCREMENT for table `tbltype`
--
ALTER TABLE `tbltype`
  MODIFY `id` int(11) NOT NULL AUTO_INCREMENT, AUTO_INCREMENT=13;
/*!40101 SET CHARACTER_SET_CLIENT=@OLD_CHARACTER_SET_CLIENT */;
/*!40101 SET CHARACTER_SET_RESULTS=@OLD_CHARACTER_SET_RESULTS */;
/*!40101 SET COLLATION_CONNECTION=@OLD_COLLATION_CONNECTION */;
